-- MySQL dump 10.13  Distrib 5.7.15, for Linux (x86_64)
--
-- Host: localhost    Database: reldb
-- ------------------------------------------------------
-- Server version	5.7.13-0ubuntu0.16.04.2

/*!40101 SET @OLD_CHARACTER_SET_CLIENT=@@CHARACTER_SET_CLIENT */;
/*!40101 SET @OLD_CHARACTER_SET_RESULTS=@@CHARACTER_SET_RESULTS */;
/*!40101 SET @OLD_COLLATION_CONNECTION=@@COLLATION_CONNECTION */;
/*!40101 SET NAMES utf8 */;
/*!40103 SET @OLD_TIME_ZONE=@@TIME_ZONE */;
/*!40103 SET TIME_ZONE='+00:00' */;
/*!40014 SET @OLD_UNIQUE_CHECKS=@@UNIQUE_CHECKS, UNIQUE_CHECKS=0 */;
/*!40014 SET @OLD_FOREIGN_KEY_CHECKS=@@FOREIGN_KEY_CHECKS, FOREIGN_KEY_CHECKS=0 */;
/*!40101 SET @OLD_SQL_MODE=@@SQL_MODE, SQL_MODE='NO_AUTO_VALUE_ON_ZERO' */;
/*!40111 SET @OLD_SQL_NOTES=@@SQL_NOTES, SQL_NOTES=0 */;

--
-- Table structure for table `Artist`
--

DROP TABLE IF EXISTS `Artist`;
/*!40101 SET @saved_cs_client     = @@character_set_client */;
/*!40101 SET character_set_client = utf8 */;
CREATE TABLE `Artist` (
  `id` int(10) unsigned NOT NULL AUTO_INCREMENT,
  `type` varchar(45) DEFAULT NULL COMMENT 'composer, lyricist, author, or any combination separated by tilde (~)',
  `f_name` varchar(50) DEFAULT NULL COMMENT 'First Name',
  `l_name` varchar(50) DEFAULT NULL COMMENT 'Last name',
  `m_name` varchar(50) DEFAULT NULL COMMENT 'Middle name or initial',
  `title` varchar(25) DEFAULT NULL,
  `suffix` varchar(25) DEFAULT NULL,
  `born` date DEFAULT NULL COMMENT '(not available from current data) Date of Birth',
  `died` date DEFAULT NULL COMMENT '(not available from current data) Date of Death',
  `biography` longtext,
  `biography_sources` mediumtext,
  `date_added` timestamp NULL DEFAULT CURRENT_TIMESTAMP,
  PRIMARY KEY (`id`),
  UNIQUE KEY `a_key_UNIQUE` (`id`)
) ENGINE=InnoDB AUTO_INCREMENT=134 DEFAULT CHARSET=utf8;
/*!40101 SET character_set_client = @saved_cs_client */;

--
-- Dumping data for table `Artist`
--

LOCK TABLES `Artist` WRITE;
/*!40000 ALTER TABLE `Artist` DISABLE KEYS */;
INSERT INTO `Artist` VALUES (1,NULL,'Robert Archibald','Smith','Archibald','','','0000-00-00','0000-00-00','<p>Robert Archibald Smith (1780–1829), best know for his song “Flow’r o’ Dunblane,” a setting of a poem by Robert Tannahill, was the son of Robert Smith, a silk weaver. Though proficient at the flute and violin from a young age, Smith was apprenticed to his father’s workshop. Even so, he began singing in church choirs and playing in a volunteer regiment band as a flutist. In 1803, Smith quit weaving, which he hated, and began to teach music. He mostly taught choir music, and, in 1807, became the preceptor of Paisley Abbey, where he developed the church’s choir program and raised its musical standards. As the proficiency and fame of the ensemble grew, people began to travel great distances to hear the choir sing, and people were willing to buy tickets just to sit in on a rehearsal. Aside from developing the choir’s ability to sing psalms, he also taught the Abbey’s Harmonic Choir to sing contemporary sacred works with accompaniment. Smith’s reputation as a choirmaster grew, and in 1823, he took an appointment as preceptor and choirmaster of St. George’s Church in Edinburgh. There he improved the choir’s ability to sing psalms, just as he had at Paisley Abbey.</p>\n\n<p>Smith’s development of church choirs was so great that his return to Scotland in 1800 marks the beginning of a new era in Scottish sacred music. Since the Reformation, no Scottish choirmaster has been as influential as Smith. However, Smith is better known for his compositions, and was considered one of the best Scottish sacred composers of his time. During his life, he composed many volumes of music, including <i>Devotional Music</i>, <i>Sacred Harmony for the Use of St George’s</i>, <i>Edinburgh</i>, the <i>Irish Minstrel</i>, and the <i>Scottish Minstrel</i>, the last being a collection of over 600 songs released in six volumes. Though these publications were supposed to be collections and arrangements of traditional Scottish tunes, Smith was known to have composed some original works and included them within the volumes as anonymous melodies.</p>','Allan, Jean Mary; Purser, John. “Smith, Robert Archibald.” <i>Grove Music Online</i>. Oxford: Oxford University Press. Accessed January 20, 2015. <a href=“http://www.oxfordmusiconline.com/subscriber/article/grove/music/26015.”>http://www.oxfordmusiconline.com/subscriber/article/grove/music/26015.</a>~Baker, Anne Pimlott. “Smith, Robert Archiblad (1780-1829).” <i>Oxford Dictionary of National Biography</i>. Oxford: Oxford University Press, 2004. Accessed January 20, 2015. <a href=“http://www.oxforddnb.com/view/article/25894.”>http://www.oxforddnb.com/view/article/25894.</a>~McAulay, Karen. “R.A. Smith and <i>The Scottish Minstrel</i>: targeting the collection to the audience in the early to mid-C19th Scotland.” Presentation at the Musica Scotica Conference, Glasgow, Scotland, 2007.','2015-12-04 17:49:32'),(2,NULL,'Robert','Burns',NULL,'','',NULL,NULL,NULL,NULL,'2015-12-04 17:49:32'),(3,NULL,'George','Halket',NULL,'','',NULL,NULL,NULL,NULL,'2015-12-04 17:49:32'),(4,NULL,'Adam','Austin',NULL,'','',NULL,NULL,NULL,NULL,'2015-12-04 17:49:33'),(5,NULL,'Allan','Ramsay',NULL,'','',NULL,NULL,NULL,NULL,'2015-12-04 17:49:33'),(6,NULL,'Jane','Elliot',NULL,'','',NULL,NULL,NULL,NULL,'2015-12-04 17:49:33'),(7,NULL,'Walter','Scott',NULL,'Sir','',NULL,NULL,NULL,NULL,'2015-12-04 17:49:34'),(8,NULL,'Felicia','Hemans',NULL,'','',NULL,NULL,NULL,NULL,'2015-12-04 17:49:34'),(9,NULL,'Susanna','Blamire',NULL,'','',NULL,NULL,NULL,NULL,'2015-12-04 17:49:34'),(10,NULL,'Robert','Allan',NULL,'','',NULL,NULL,NULL,NULL,'2015-12-04 17:49:34'),(11,NULL,'Joanna','Baillie',NULL,'','',NULL,NULL,NULL,NULL,'2015-12-04 17:49:35'),(12,NULL,'Carolina','Oliphant',NULL,'','',NULL,NULL,NULL,NULL,'2015-12-04 17:49:35'),(13,NULL,'John','Sim',NULL,'','',NULL,NULL,NULL,NULL,'2015-12-04 17:49:35'),(14,NULL,'Robert','Tannahill',NULL,'','',NULL,NULL,NULL,NULL,'2015-12-04 17:49:35'),(15,NULL,'William','Motherwell',NULL,'','',NULL,NULL,NULL,NULL,'2015-12-04 17:49:35'),(16,NULL,'Richard','Gall',NULL,'','',NULL,NULL,NULL,NULL,'2015-12-04 17:51:47'),(17,NULL,'Lady Anne','Lindsay',NULL,'','',NULL,NULL,NULL,NULL,'2015-12-04 17:51:47'),(18,NULL,'John','Grieve',NULL,'','',NULL,NULL,NULL,NULL,'2015-12-04 17:51:48'),(19,NULL,'Nathaniel','Gow','','','','0000-00-00','0000-00-00','<p>Nathaniel Gow (1763-1831) was a composer and fiddler, famous for his collections of strathspey reels, which he published himself. His musical instruction began at an early age, when his father gave him fiddle lessons. He later went to Edinburgh, where he studied both violin and trumpet. He achieved success there, joining both the King’s Trumpeters and the orchestra of the Edinburgh Musical Society as a violinist in 1782. He also rose through the ranks of McGlashan’s Band, an ensemble known for performing at balls and other major social events for Edinburgh’s aristocracy. Later, he performed for the Scottish nobility of London, beginning as a cellist and ultimately becoming bandleader.</p>\n\n<p>Gow also had a long career as a music publisher, a job he took to promote his music and that of his father. Aside from writing pieces for his father’s collections of reels, he partnered with William Shepherd in 1796 as a vendor of music, instruments, and publisher of his family’s works. (Nathaniel’s father and only son both wrote music.) They were successful as the premier retailer of Broadwood pianos in Scotland and published many collections of strathspey reels. However, this partnership ultimately dissolved, and Gow made his living through teaching private lessons and leading the McGlashan Band, supplemented by patronage from the Prince Regent. In 1818, Gow made his second attempt as a publisher and retailer, partnering with his son, Neil Gow. Like his father, Neil was famous in Scotland as a composer and publisher. This venture was successful for many years, and the firm published collections of traditional Scottish melodies, including famous works, such as <i>The Vocal Melodies of Scotland</i> and <i>The Ancient Curious Collection of Scotland</i>.</p> \n\n<p>Neil died in 1823, and his father soon fell ill. These factors, along with a loss of more than 8,000 pounds that Gow lent to his son-in-law, caused financial struggles. In 1826, Gow began a third partnership, this time with tradesman John Murray Galbraith. However, this partnership dissolved less than a year later, and the following year, Gow declared bankruptcy. He successfully petitioned the King for a pension, and received an annuity of 50 pounds per year and some benefit balls for himself and his family, spanning from 1827 to 1830. Gow died the following year.</p>\n\n</p>Many of the collections that Gow published in his lifetime, such as pieces from his 4th to 6th <i>Collections of Strathspey Reels</i> and his <i>Complete Repository of the Original Scottish Slow Tunes</i>, are prime examples of Gow’s compositional style. As musical tastes changed from Scottish dances to waltzes and piano music, Gow tried his had at these genres but never achieved the success that he did with airs, reels and strathspeys. Gow’s musical training allowed him to break free of some of the musical ruts that often plagued traditional Scottish music of the time; however, like many other music composers and publishers of the time, he passed off the tunes of others as his own. While modern historians and music lovers have not been able completely to decipher which of Gow’s works are originally his, it is almost universally accepted that Gow was a master of these genres, and that he ultimately improved the melodies he appropriated from others.</p>','Field, Christopher D.S. “Gow, Nathaniel (1763-1831).” <i>Oxford Dictionary of National Biography</i>. Oxford: Oxford University Press, 2004. Accessed February 4, 2015. <a href=“http://www.oxforddnb.com/view/article/11167.”>http://www.oxforddnb.com/view/article/11167.</a>~Johnson, David. “(5) Nathaniel Gow.” <i>Grove Music Online</i>. Oxford: Oxford University Press. Accessed February 4, 2015. <a href=“http://www.oxfordmusiconline.com/subscriber/article/grove/music/11554pg5.”>http://www.oxfordmusiconline.com/subscriber/article/grove/music/11554pg5.</a>~North East Folklore Archive. “Nathaniel Gow.” NEFA.net. Accessed Februrary 4, 2015. <a href=“http://www.nefa.net/archive/songmusicdance/fiddles/musicians.htm#nathgow.”>http://www.nefa.net/archive/songmusicdance/fiddles/musicians.htm#nathgow.</a>','2015-12-04 17:51:48'),(20,NULL,'Tobias','Smollett',NULL,'','',NULL,NULL,NULL,NULL,'2015-12-04 17:51:48'),(21,NULL,'Allan','Cunningham',NULL,'','',NULL,NULL,NULL,NULL,'2015-12-04 17:51:48'),(22,NULL,'Nathan','Gow',NULL,'','',NULL,NULL,NULL,NULL,'2015-12-04 17:53:15'),(23,NULL,'Lady','Nairne',NULL,'','',NULL,NULL,NULL,NULL,'2015-12-04 17:53:15'),(24,NULL,'George','Byron',NULL,'Lord','',NULL,NULL,NULL,NULL,'2015-12-04 17:53:18'),(25,NULL,NULL,'T.W.H.B.B.',NULL,'','',NULL,NULL,NULL,NULL,'2015-12-04 17:53:48'),(26,NULL,'Henry','Bishop',NULL,'','',NULL,NULL,NULL,NULL,'2015-12-04 17:53:48'),(27,NULL,'Charles H.','Purday',NULL,'','',NULL,NULL,NULL,NULL,'2015-12-04 17:53:49'),(28,NULL,NULL,'Beta',NULL,'','',NULL,NULL,NULL,NULL,'2015-12-04 17:53:49'),(29,NULL,'Elizabeth Barrett','Browning',NULL,'','',NULL,NULL,NULL,NULL,'2015-12-04 17:53:49'),(30,NULL,'Henry R.','Bishop',NULL,'Sir','',NULL,NULL,NULL,NULL,'2015-12-04 17:53:49'),(31,NULL,'J. Bertram','Fox',NULL,'','',NULL,NULL,NULL,NULL,'2015-12-04 17:53:49'),(32,NULL,'Charlotte','Bronte',NULL,'','',NULL,NULL,NULL,NULL,'2015-12-04 17:53:49'),(33,NULL,'Maude Valerie','White',NULL,'','',NULL,NULL,NULL,NULL,'2015-12-04 17:53:49'),(34,NULL,'Robert','Browning',NULL,'','',NULL,NULL,NULL,NULL,'2015-12-04 17:53:49'),(35,NULL,'J. E.','Spilman',NULL,'','',NULL,NULL,NULL,NULL,'2015-12-04 17:53:49'),(36,NULL,'M.','Bartholdy',NULL,'','',NULL,NULL,NULL,NULL,'2015-12-04 17:53:49'),(37,NULL,NULL,'Spilman J. E.',NULL,'','',NULL,NULL,NULL,NULL,'2015-12-04 17:53:49'),(38,NULL,NULL,'Kozeluch',NULL,'','',NULL,NULL,NULL,NULL,'2015-12-04 17:53:49'),(39,NULL,NULL,'Mozart',NULL,'','',NULL,NULL,NULL,NULL,'2015-12-04 17:53:49'),(40,NULL,'','Byron',NULL,'Lord','',NULL,NULL,NULL,NULL,'2015-12-04 17:53:49'),(41,NULL,'G.','Kiallmark',NULL,'','',NULL,NULL,NULL,NULL,'2015-12-04 17:53:50'),(42,NULL,'William','Staunton',NULL,'','Jr.',NULL,NULL,NULL,NULL,'2015-12-04 17:53:50'),(43,NULL,NULL,'R.',NULL,'Mr.','',NULL,NULL,NULL,NULL,'2015-12-04 17:53:50'),(44,NULL,'Maude Valerie.','White',NULL,'','',NULL,NULL,NULL,NULL,'2015-12-04 17:53:51'),(45,NULL,'C. E.','Phillips',NULL,'','',NULL,NULL,NULL,NULL,'2015-12-04 17:53:51'),(46,NULL,NULL,'R.',NULL,'Mr.','',NULL,NULL,NULL,NULL,'2015-12-04 17:53:51'),(47,NULL,'C.','Meineke',NULL,'','',NULL,NULL,NULL,NULL,'2015-12-04 17:53:51'),(48,NULL,'John','Clarke',NULL,'Dr.','',NULL,NULL,NULL,NULL,'2015-12-04 17:53:52'),(49,NULL,'Thomas','Campbell',NULL,'','',NULL,NULL,NULL,NULL,'2015-12-04 17:53:52'),(50,NULL,'Liza','Lehmann','Nina Mary Fredericia','','','0000-00-00','0000-00-00','<p>Elizabeth Nina Mary Frederica Lehmann [later Bedford] (1862-1918) was famous as a singer and was one of the leading female British composers of her day. Her father was a painter and her mother was a composer, so Lehmann grew up surrounded by the arts. She lived first in Italy and then in London, and received her first music lessons from her mother. Because of her parents’ position within the arts community, she met many famous composers in her youth, including Liszt, Verdi, Clara Schumann, Brahms, and Joseph Joachim. She studied voice and composition, and began performing in 1885, giving many important concerts over the next decade.</p> \n\n<p>After she married, and partially due to illness, Lehmann gave up performing and focused solely on composition. Although she had already published some songs, which she performed in concert, she began to publish more profusely, releasing <i>In a Persian Garden</i>, one of her most famous works. Through her composition of songs cycles, she helped to establish the genre in England. One of her most notable song cycles was written for portions of Alfred, Lord Tennyson’s “In Memoriam” (1899).</p>\n\n<p>In 1904, Lehmann  became the first woman commissioned to write music for a musical comedy--<i>Sergeant Brue</i>. The success of this production led to two other stage works, <i>The Vicar of Wakefield</i> (1906), based upon Oliver Goldsmith’s novel, and <i>Everyman</i> (1915), based upon the well-known morality play. If she had had the opportunity to explore musical theater more deeply, many believe that she would have become one of the leaders in the field. In 1911, she became the president of the Society of Women Musicians, and the following year took a professorship at the Guildhall School of Music, writing a text entitled “<i>Practical Hints for Students of Singing</i>.”</p>\n\n<p>Though Lehmann did not shy away from writing serious works, she particularly excelled at and became popular for her lighter works and children’s songs, often marked by witty humor--a mixed blessing. As these works gained popularity, Lehmann struggled to have her more serious works performed. When she and her husband fell into tight financial straits, she was forced to produce more commercially viable works in order to generate income. Thus those who had once praised her, became critical of her work. Her memoir, <i>The Life of Liza Lehmann</i>, was published posthumously in 1919 and illuminates London’s musical culture.</p>','“Liza Lehmann.” <i>Naxos</i>. Accessed June 22, 2015. <a href=“http://www.naxos.com/person/Liza_Lehmann/19951.htm.”>http://www.naxos.com/person/Liza_Lehmann/19951.htm</a>~Banfield, Stephen. “Lehmann, Liza.” <i>Grove Music Online</i>. Oxford: Oxford UP.  Accessed June 22, 2015. <a href=“http://www.oxfordmusiconline.com/subscriber/article/grove/music/16324.”>http://www.oxfordmusiconline.com/subscriber/article/grove/music/16324</a>~Fuller, Sophie. “Lehmann, Elizabeth Nina Mary Frederica (1862–1918).” <i>Oxford Dictionary of National Biography</i>. Oxford: Oxford UP, 2004. Accessed June 21, 2015. <a href=“http://www.oxforddnb.com/view/article/40559.”>http://www.oxforddnb.com/view/article/40559</a>','2015-12-04 17:53:52'),(51,NULL,'Henry','Schallehn',NULL,'','',NULL,NULL,NULL,NULL,'2015-12-04 17:53:52'),(52,NULL,'H. Walford','Davies',NULL,'','',NULL,NULL,NULL,NULL,'2015-12-04 17:53:53'),(53,NULL,'Charles W.','Glover',NULL,'','',NULL,NULL,NULL,NULL,'2015-12-04 17:53:53'),(54,NULL,'Charles','Jeffreys',NULL,'','',NULL,NULL,NULL,NULL,'2015-12-04 17:53:53'),(55,NULL,'Finlay','Dun','','','','0000-00-00','0000-00-00','<p>Finlay Dun (1795-1853) was a Scottish composer and gifted violist, most notable for his arrangements of Scottish songs. Under the name, “Dun and Son,” he and his father ran a dancing school in Edinburgh’s New Town from 1812 to 1821. He studied at the University of Edinburgh (1815-16) before moving to Paris to study violin with Pierre Baillot. In 1819, he performed in Sir George Smart’s orchestra at the Edinburgh Music Festival; he is said to have introduced the quadrille to Scotland. Dun moved to Italy and, throughout the 1820s, studied with Franciszek Mirecki in Milan and Pietro Raimondi and Girolamo Crescentini in Naples. He was also principle violist in the San Caro Royal Theatre. He later returned to Edinburgh, where by 1828 he was regarded as a respected teacher of music and voice.</p> \n\n<p>Dun was a friend of Mendelssohn and received a personal recommendation when he applied for the Reid Music Chair at Edinburgh University, a position that went to Henry Bishop, instead. In 1831, Dun conducted the orchestra during a series of concerts with soloist Niccolò Paganini. Over the course of his compositional career, Dun wrote glees, overtures, doxologies, and psalms. However, he is most famous for helping to publish and edit collections of Scottish songs, including his collaboration with George Farquhar Graham on <i>The Songs of Scotland</i> (1848-53), with Carolina, Baroness Nairne on <i>Lays from Strathearn</i> (1846), and with John Thomson on <i>The Vocal Melodies of Scotland</i> (1836-38). He also collected and published Gaelic songs in <i>Orain na’h-Albain</i> (1848).</p>\n\n<p>As an educator, Dun published an “Analysis of the Structure of the Music of Scotland” (1838) and “On the <i>Elements of Musical Harmony and Composition</i>,” an article written in response to Friedreich Schneider’s popular text of the same name that Dun felt was misleading aspiring composers, particularly in the way that Schneider recommended modulating between keys and use of modulation tables. In 1826, Dun published <i>A Collection of Solfeggios for Daily Vocal Exercise. Musical Scotland, Past and Present</i> (1894) describes him as “a man of great ability, refined taste and genius, an excellent linguist and scholar.”</p>','Damschroder, David. <i>Thinking About Harmony: Historical Perspectives on Analysis</i>. Cambridge: Cambridge UP. 2008.~Field, Christopher D. S. “Dun, Finlay (1795–1853).” <i>Oxford Dictionary of National Biography</i>. Oxford: Oxford UP, 2004. Accessed June 17, 2015. <a href=“http://www.oxforddnb.com/view/article/8197.”>http://www.oxforddnb.com/view/article/8197</a>~Mackintosh, John. <i>The History of Civilization in Scotland Volume IV</i>. London: Alexander Gardner. 1896.','2015-12-04 17:53:53'),(56,NULL,'John','Barnett',NULL,'','',NULL,NULL,NULL,NULL,'2015-12-04 17:53:54'),(57,NULL,'J.','Worsley',NULL,'','',NULL,NULL,NULL,NULL,'2015-12-04 17:53:54'),(58,NULL,'','Browne','','Miss','','0000-00-00','0000-00-00','<p>Augusta Browne (1820-1882) was a trailblazer for women composers, who believed, contrary to the prevailing thought of her time, that being educated and being feminine were not mutually exclusive. Her father was David Browne, a musician in the Irish volunteer militia. He gained much of his musical knowledge through the Logierian system, a commercial series of books that taught musical skills through theory and practical keyboard work. He used this system to teach Browne, and the influence of this system (with a focus on triads, inversions, voice leading, harmony, and form/analysis) is evident in Browne’s compositions. After moving to America, David opened a music store and academy, at which Browne taught and performed, earning the title of teacher by the time she was a teenager. In both Ireland and America, Browne was exposed to and influenced by a variety of musical genres, including military marches, street music, church hymns, and more traditional classical works. She is sometimes confused with Harriet Browne (1790-1858), another female composer, who was no relation. </p>\n<p>Augusta Browne was also active as a writer. Her essays, short stories, articles, and poems appeared in many magazines, including the <i>Columbian Lady’s and Gentleman’s Magazine</i> and the <i>Union Magazine</i>. Most of her writings fall into two categories: musical journalism and Christian essay. Browne had a structured philosophy about the desirable values and goals of music, which she presents in her articles. She believed that music influences morality and that it should be crafted to be not only aesthetically pleasing but also spiritually uplifting. She spurned any music that she considered crass, vulgar, or musically of low quality. She had a particular love of hymns and was a strong advocate for congregational singing in churches, but had no trouble accepting folk or dance music, as long as it met her moral and musical standards. Today, Browne’s music is considered sophisticated amidst other music of the era that is now seen as clichéd and predictable. Through the actions she took promoting her own music and her role as an entrepreneur, Browne set an example for future generations of women composers by showing them what it looked like for a woman actively to take part in and shape the creative world.</p>','Miller, Bonny. “Augusta Browne: From Musical Prodigy to Musical Pilgrim in Nineteenth-Century America.” <i>Journal of the Society for American Music</i> 8 (2014): 189-218.  Accessed February 24, 2015. <a href=“http://journals.cambridge.org/action/displayFulltext?type=1&fid=9285082&jid=SAM&volumeId=8&issueId=02&aid=9285079.”>http://journals.cambridge.org/action/displayFulltext?type=1&fid=9285082&jid=SAM&volumeId=8&issueId=02&aid=9285079.</a>~Neuls-Bates, Carol. “Sources and Resources for Women\'s Studies in American Music: A Report.” <i>Notes</i> 32, No 2 (1978): 269-283. Accessed February 24, 2015. <a href=“http://www.jstor.org/stable/939679.”>http://www.jstor.org/stable/939679.</a>','2015-12-04 17:53:54'),(59,NULL,'James','Dewar',NULL,'','',NULL,NULL,NULL,NULL,'2015-12-04 17:53:54'),(60,NULL,NULL,'James Hogg',NULL,'','',NULL,NULL,NULL,NULL,'2015-12-04 17:53:54'),(61,NULL,'T.','Bricher',NULL,'','',NULL,NULL,NULL,NULL,'2015-12-04 17:53:54'),(62,NULL,'Mary','Howitt',NULL,'','',NULL,NULL,NULL,NULL,'2015-12-04 17:53:54'),(63,NULL,'Geo. F.','Root',NULL,'','',NULL,NULL,NULL,NULL,'2015-12-04 17:53:55'),(64,NULL,NULL,'Haydn',NULL,'','',NULL,NULL,NULL,NULL,'2015-12-04 17:53:55'),(65,NULL,'Virginia','Gabriel',NULL,'','',NULL,NULL,NULL,NULL,'2015-12-04 17:53:55'),(66,NULL,'Jean','Ingelow',NULL,'','',NULL,NULL,NULL,NULL,'2015-12-04 17:53:55'),(67,NULL,'Robert','Tempest',NULL,'','',NULL,NULL,NULL,NULL,'2015-12-04 17:53:55'),(68,NULL,'G. F.','Harris',NULL,'','',NULL,NULL,NULL,NULL,'2015-12-04 17:53:55'),(69,NULL,'Frank','Bridge',NULL,'','',NULL,NULL,NULL,NULL,'2015-12-04 17:53:55'),(70,NULL,'Anne','Lindsay',NULL,'','',NULL,NULL,NULL,NULL,'2015-12-04 17:53:55'),(71,NULL,'Arthur','Sullivan','','','','0000-00-00','0000-00-00','<p>Arthur Sullivan (1842-1900) achieved fame and fortune as the musical half of Gilbert and Sullivan. Over the course of their collaboration, they produced many famous operettas, including <i>The Pirates of Penzance</i> and <i>The Mikado</i>. His musical instruction came first from his father, a sergeant bandmaster for the Royal Military College, where Arthur Sullivan learned every wind instrument. Having also learned piano, he began composing at the age of eight, and by eleven, he had joined the choir of the Chapel Royal, London. There, Thomas Helmore, the choirmaster, taught Sullivan academics as well as music. In 1856, Sullivan won the Mendelsohn scholarship to the Royal Academy of Music, earning free tuition for a year. There Sullivan studied under the composer John Goss, as well as other musicians. When his voice broke in 1857, Sullivan was asked to leave the Chapel Royal. However, in recognition of his talent, his scholarship to the Royal Academy was extended for a second year. A further extension allowed for study at the Leipzig Conservatory, where he was mentored by Ignaz Moscheles, a friend of both Beethoven and Mendelssohn. During his time, Sullivan learned the violin and studied conducting. For his exit exam, Sullivan wrote music based on Shakespeare’s <i>The Tempest</i>. It was later performed in London and Manchester, where it proved a huge success and provided Sullivan with many commissions.</p> \n\n<p>After graduation, Sullivan moved back to London, where he took on students and began a post as the organist of St. Michael’s at Chester Square. George Grove, secretary of the Crystal Palace, included some of Sullivan’s works in the Saturday orchestral concerts. Through this programming, Sullivan won the appraisal and friendship of many of the prominent critics of the day, including J.W. Davison, Jenny Lind, and Henry F. Chorley. Also through Grove, Sullivan made connections to the art promoter Henry Cole and the Royal family of Wales, a move that helped secure his career. Sullivan also served as organist at Covent Gardens and St. Peters at Cranley Gardens. He was active as a conductor, working with the Glasgow Choral and Orchestral Union, the Royal Aquarium, the Leeds Festival, the Summer and Winter Garden, Covent Garden, and the Philharmonic Society. As a conductor, Sullivan helped bring awareness to older classics such as Bach’s B minor Mass and Beethoven’s Missa solemnis.</p>\n\n<p>As a composer, Sullivan tried his hand at orchestral works, but these did not provide a steady living, and he turned to songs and hymns. However, Sullivan’s theatrical pieces brought him the most fame and fortune. (At the peak of his career, he was making as much as the prime minister). His collaboration with librettist William S. Gilbert proved enormously successful. Their first hit was the one-act comic drama, <i>Trial by Jury</i> (1875). The duo composed such hits as <i>HMS Pinafore</i> (1878), <i>The Pirates of Penzance</i> (1879), <i>Princess Ida</i> (1884), and <i>The Mikado</i> (1885). In these projects, Sullivan is famous for a distinct musical style, using a type of counterpoint in which two vocal parts (soloists or choirs) sing two individual melodies that later come together to form a cohesive whole. Unlike many composers who begin with a piano arrangement and flush it out for a full orchestra, Sullivan’s orchestration was part of his compositional process.</p>\n\n<p>Despite his success, Sullivan longed to be respected as a composer of all genres, not just of operettas. The result was <i>Ivanhoe</i>, Sullivan’s first and only grand opera. Though enjoyed by the public, it was a financial failure and never entered the opera repertory; the melody never really soared, scenes were not musically connected, and songs were often set up like operetta pieces with planned cadences and spaces for applause. Although Sullivan attempted some serious orchestral works later in his career, none were substantial and these orchestral works are little remembered. But the musical traits that hindered his more serious art pieces are precisely what gave him success as an operetta composer. His operettas generally don’t require super technical or virtuosic skill to sing or play, allowing for ease of production and easy accessibility by audiences of all musical backgrounds. His music shows the influence of basic harmony and counterpoint acquired from his time at the Chapel Royal, and he was a master at depicting the expression and drama of the text. In the last years of his life, he received honorary doctorates from Cambridge and Oxford as well as the Turkish order of the Medjidieh. He was knighted in 1883 and received the Conferment of the Royal Victorian Order in 1897. The same year he was commissioned and wrote a ballet for the diamond jubilee of Queen Victoria.</p>','Jacobs, Arthur. “Sullivan, Sir Arthur Seymour (1842–1900).” <i>Oxford Dictionary of National Biography</i>. Oxford: Oxford University Press, 2004. Accessed March 14, 2015. <a href=“http://www.oxforddnb.com/view/article/26722.”>http://www.oxforddnb.com/view/article/26722.</a>~Jacobs, Arthur. “Sullivan, Sir Arthur.” <i>Grove Music Online</i>. Oxford: Oxford University Press. Accessed March 14, 2015. <a href=“http://www.oxfordmusiconline.com/subscriber/article/grove/music/27100.”>http://www.oxfordmusiconline.com/subscriber/article/grove/music/27100.</a>','2015-12-04 17:53:56'),(72,NULL,'M. W.','Balfe',NULL,'','',NULL,NULL,NULL,NULL,'2015-12-04 17:53:56'),(73,NULL,'Henry Wadsworth','Longfellow',NULL,'','',NULL,NULL,NULL,NULL,'2015-12-04 17:53:56'),(74,NULL,'M.','Lindsay','','Miss','','0000-00-00','0000-00-00','<p>Maria Lindsay (1827-1898) was one of the first successful female composers. Born in 1827, she signed an exclusive contract with the publisher Robert Cocks & Co. She wrote secular ballads under the name “Miss M. Lindsay” and sacred ballads under her married name, “Mrs. J. Worthington Bliss. She often based her sacred ballads on the English oratorio model of alternating arias and recitatives. Lindsay’s style is relatively simple, with plain melodies often left up to the performer to interpret and simple accompaniments of block chords or arpeggiation. However, it was this style of writing that made her popular; her publisher praised her ballad “The Bridge” for its simplicity and ability to be sung by all.</p>','Scott, Derek B. “‘The Bridge’ (1856)- A Victorian parlour song sung by Derek B. Scott.” Victorainweb.com.  Accessed February 9, 2015. <a href=“http://www.victorianweb.org/mt/parlorsongs/21.html.”>http://www.victorianweb.org/mt/parlorsongs/21.html.</a>~Scott, Derek B. “Lindsay, Maria.” <i>Grove Music Online</i>. Oxford: Oxford University Press. Accessed February 9, 2015. <a href=“http://www.oxfordmusiconline.com/subscriber/article/grove/music/2020215.”>http://www.oxfordmusiconline.com/subscriber/article/grove/music/2020215.</a>~Scott, Derek B. The Singing Bourgeois: Songs of the Victorian Drawing Room and Parlor (2nd edition, 2001). Aldershot, Hampshire and Burlington, VT: Ashgate, 2001.','2015-12-04 17:53:56'),(75,NULL,'T. Wilkinson','Stephenson',NULL,'','',NULL,NULL,NULL,NULL,'2015-12-04 17:53:56'),(76,NULL,'Thomas','Moore',NULL,'','',NULL,NULL,NULL,NULL,'2015-12-04 17:53:56'),(77,NULL,'O.','Shaw',NULL,'','',NULL,NULL,NULL,NULL,'2015-12-04 17:53:56'),(78,NULL,'John','Stevenson','Andrew','Sir','','0000-00-00','0000-00-00','<p> Sir John Andrew Stevenson (1761-1833) was an Irish composer, most famous for his music for Thomas Moore’s <i>Irish Melodies</i>. He was the second son of John Stevenson, a violinist of the Dublin state band. At the age of eleven, he became an indentured choirboy at Christ Church Cathedral, where he received his early musical training. In 1775, he received a stipendiary at St. Patrick’s Cathedral and earned the same status at Christ Church in 1781. Eventually Stevenson became the vicar choral of both congregations, at St. Patrick’s in 1783 and Christ Church in 1800. In 1791 Stevenson received an honorary Doctorate of Music from Trinity College, Dublin, and in 1803 was awarded a knighthood by the Earl of Hardwicke, Lord lieutenant Philip Yorke. Stevenson became the first organist and music director for the Castle chapel in 1814. He wrote in a variety of musical genres, including opera, service, anthem, glee, catch, and oratorio. Many of his catches were for the Hibernian Catch Club. Yet, he is most famous for his airs to Thomas Moore’s <i>Irish Melodies</i>, which show the influence of Haydn. Many of his contemporaries found Stevenson’s accompaniments too harmonically complex for the airs they supplemented and felt that they did not adequately support the nationalistic nature of the melodies. While Moore initially approved of Stevenson’s interpretation of his poems, a rift developed between the two, and Sir Henry R. Bishop was commissioned to compose music for the last three volumes of <i>Irish Melodies</i>. In 1859, when the <i>Irish Melodies</i>were reprinted, Michael William Balfe composed the music. His accompaniments were simpler and more nationalistic than Stevenson’s.</p>','“Moore’s Irish Melodies.” <i>The Musical Times and Singing Class Circular</i>, 9, no 195 (1895): 41-44. Accessed January 22, 2015. <a href=“http://www.jstor.org/stable/3370175.”>http://www.jstor.org/stable/3370175.</a>~Bumpus, John S. “Irish Church Composers and the Irish Cathedrals. Part I.” <i>Proceedings of the Musical Association</i> 26 (1900): 79-113. Accessed January 22, 2015. <a href=“http://www.jstor.org/stable/3370175.”>http://www.jstor.org/stable/3370175.</a>~Hadden, J.C. “Stevenson, Sir John Andrew (1761–1833).” <i>Oxford Dictionary of National Biography</i>. Oxford: Oxford University Press, 2004. Accessed January 20, 2015. <a href=“http://www.oxforddnb.com/view/article/26432.”>http://www.oxforddnb.com/view/article/26432.</a>~Sherwin, Elaine. “Sir John Stevenson.” James Joyce Music. Accessed January 20, 2015. <a href=“http://www.james-joyce-music.com/song04_composer.html.”>http://www.james-joyce-music.com/song04_composer.html.</a>~W.H. Husk, et al. “Stevenson, Sir John.” <i>Grove Music Online</i>. Oxford: Oxford University Press.  Accessed January 20, 2015. <a href=“http://www.oxfordmusiconline.com/subscriber/article/grove/music/26738.”>http://www.oxfordmusiconline.com/subscriber/article/grove/music/26738.</a>','2015-12-04 17:53:56'),(79,NULL,'Caroline','Norton',NULL,'','',NULL,NULL,NULL,NULL,'2015-12-04 17:53:56'),(80,NULL,'Judson I.','Hutchinson',NULL,'','',NULL,NULL,NULL,NULL,'2015-12-04 17:53:56'),(81,NULL,'George','Barker',NULL,'','',NULL,NULL,NULL,NULL,'2015-12-04 17:53:56'),(82,NULL,'A.','Cowell',NULL,'Miss','',NULL,NULL,NULL,NULL,'2015-12-04 17:53:56'),(83,NULL,'John','Blockley',NULL,'','',NULL,NULL,NULL,NULL,'2015-12-04 17:53:57'),(84,NULL,'John','Blockey',NULL,'','',NULL,NULL,NULL,NULL,'2015-12-04 17:53:57'),(85,NULL,'Price','Blackwood',NULL,'Mrs.','',NULL,NULL,NULL,NULL,'2015-12-04 17:53:57'),(86,NULL,'','Cowell',NULL,'Miss','',NULL,NULL,NULL,NULL,'2015-12-04 17:53:57'),(87,NULL,'Henry','Russell',NULL,'','',NULL,NULL,NULL,NULL,'2015-12-04 17:53:57'),(88,NULL,'T.G.','May',NULL,'','',NULL,NULL,NULL,NULL,'2015-12-04 17:53:57'),(89,NULL,'Brinley','Richards',NULL,'','',NULL,NULL,NULL,NULL,'2015-12-04 17:53:57'),(90,NULL,'F. Nicholls','Crouch',NULL,'','',NULL,NULL,NULL,NULL,'2015-12-04 17:53:58'),(91,NULL,'R.','Clarkson',NULL,'','',NULL,NULL,NULL,NULL,'2015-12-04 17:53:58'),(92,NULL,'H.','Pinkney','','','','0000-00-00','0000-00-00','<p>H. Pinkney composed “I Remember the Hour When We Parted,” and wrote the music for Caroline Norton’s “Would I Were with Thee.”</p>','“Search Results: name:\"Pinkney, H.\" +(memberOf:\"songamerica\").” <i>Library of Congress</i>. Accessed June 18. <a href=“http://lcweb2.loc.gov/diglib/ihas/search?query=name:%22Pinkney%2C%20H.%22&memberOf=songamerica&view=thumbnail&sort=titlesort.”>http://lcweb2.loc.gov/diglib/ihas/search?query=name:%22Pinkney%2C%20H.%22&memberOf=songamerica&view=thumbnail&sort=titlesort</a>','2015-12-04 17:53:58'),(93,NULL,'Carlo','Bosetti',NULL,'','',NULL,NULL,NULL,NULL,'2015-12-04 17:53:58'),(94,NULL,'Elizabeth','Rainforth',NULL,'','',NULL,NULL,NULL,NULL,'2015-12-04 17:53:58'),(95,NULL,'Caroline Baroness','Nairne',NULL,'','',NULL,NULL,NULL,NULL,'2015-12-04 17:53:58'),(96,NULL,'J. H.','Payne',NULL,'','Esq.',NULL,NULL,NULL,NULL,'2015-12-04 17:53:58'),(97,NULL,'Edward','Harwood',NULL,'','',NULL,NULL,NULL,NULL,'2015-12-04 17:53:58'),(98,NULL,NULL,'T. R. Hobbes',NULL,'','',NULL,NULL,NULL,NULL,'2015-12-04 17:53:58'),(99,NULL,'Alexander','Pope',NULL,'','',NULL,NULL,NULL,NULL,'2015-12-04 17:53:58'),(100,NULL,'Henry','Phillips',NULL,'','',NULL,NULL,NULL,NULL,'2015-12-04 17:53:58'),(101,NULL,'Barry','Cornwall',NULL,'','Esqr.',NULL,NULL,NULL,NULL,'2015-12-04 17:53:58'),(102,NULL,'Frederic H.','Cowen','Hymen','','','0000-00-00','0000-00-00','<p>Frederick Hymen Cowen (1852-1935) showed musical promise from a young age but struggled to achieve fame as a composer. Despite the popularity of his ballads, particularly “It was a Dream” and “The Promise of Life,” Cowen was never able to produce the kind of works (aside from his 3rd symphony) that would prove his mastery in symphonic genres and would have sealed his reputation as a serious composer of traditional genres. He published his first waltz at the age of 6 and by the age of 8 had written an operetta. His father was the Earl of Dudley’s private secretary as well as the treasurer to the Italian Opera, performed at Her Majesty’s Theater, a fact that helped to further his musical career. At the age of 11, Cowen gave a piano recital at Her Majesty’s Concert Room and, at 12, performed a Mendelsohn concerto at the Dudley House, a concert that included such famous musicians as violinist Joseph Joachim. He was awarded the Mendelssohn Scholarship in 1865, but was forced to withdraw when his parents refused to give up their control of him, as was required by the rules of the scholarship committee. As a result, Cowen moved to Leipzig to study independently. He enrolled as a composition student at the Stern Conservatory in 1867, where he also studied piano and conducted. It was during this time that Cowen met such distinguished composers and performers as Liszt and Brahms.</p>\n\n<p>In 1869, Cowen gave a concert funded by his father at St. James Hall, which received unanimous praise from critics and proved Cowen a reputable composer. During the 1870s, he traveled the world, giving concerts in Germany, Italy, America, and Scandinavia. His travels inspired his Third Symphony, and the premiere established Cowen’s reputation as a composer. The symphony was praised as “the most important English symphony for many years” by <i>The Times</i> and helped establish the British symphonic tradition. For his service to English music, Cowen was given an honorary doctorate from Cambridge University (1900) and the University of Edinburgh (1910), and was knighted in 1911. Cowen also achieved great success as a conductor, directing ensembles for the Promenade Concerts in 1880, the Philharmonic Society in 1888, and the Melbourne Centennial Exhibition. In 1895 he began conducting the Hallé Orchestra, and over the next ten years he received appointments at numerous other orchestras and festivals, including the Liverpool Philharmonic Society. Cowen is famous for enhancing the performance quality of that ensemble, programming varied concerts, and for stabilizing the financial status of the Society. Towards the end of his life, Cowen mostly gave up writing music and, instead, focused on writing literary works, including monographs on famous composers, such as Hayden, Mozart, and Mendelsohn.</p>','Dibble, Jeremy; Spencer, Jennifer. “Cowen, Sir Frederic Hymen.” <i>Grove Music Online</i>. Oxford: Oxford University Press. Accessed February 5, 2015. <a href=“http://www.oxfordmusiconline.com/subscriber/article/grove/music/06744.”>http://www.oxfordmusiconline.com/subscriber/article/grove/music/06744.</a>','2015-12-04 17:53:58'),(103,NULL,'Christina','Rossetti',NULL,'','',NULL,NULL,NULL,NULL,'2015-12-04 17:53:58'),(104,NULL,'R. Huntington','Woodman','Huntington','','','0000-00-00','0000-00-00','<p>Raymond Huntington Woodman (1861-1943) was a publisher, composer, and educator, who worked to improve music in the New England area and founded organizations that furthered music performance and education. Born in 1861, Woodman joined the St. George’s choir at the age of 13. Through his father, who was music director there, Woodman gained experience playing organ and conducting the choir. He enrolled at what is now the City College of New York (CUNY), but dropped out to serve as organist at Christ’s Church in Connecticut. He only remained there a year before becoming director at First Presbyterian Church of Brooklyn. Woodman also taught at the Metropolitan College of Music, edited <i>The New York Evangelist</i>, helped found the American Gild of Organists and the Manuscript Society of New York, organized the music department at Packer Collegiate Institute, and directed the theory department of the American Institute of Applied Music. He studied orchestration, composition, and counterpoint under Dudley Buck and studied with Ceasar Franck at the Paris Conservatory of Music.</p>','Bekker, L.J. <i>University Musical Encyclopedia</i>, s.v. \"Woodman (Raymond Huntington).\" New York: Frederick A. Stokes Company, 1913.~Cyber Hymnal. \"Raymond Huntington Woodman 1861-1943.\" Cyberhymnal.org.  Accessed February 9, 2015. <a href=“http://www.cyberhymnal.org/bio/w/o/woodman_rh.htm.”>http://www.cyberhymnal.org/bio/w/o/woodman_rh.htm.</a>~Eastman School of Music, University of Rochester. \"R. Huntington Woodman Collection.\" Sibley Music Library.  Accessed February 9, 2015. <a href=“http://www.esm.rochester.edu/sibley/specialcollections/findingaids/woodman/.”>http://www.esm.rochester.edu/sibley/specialcollections/findingaids/woodman/</a>~Garbelt, A.S. “The Etude Gallery of Musical Celebrities.” <i>The Etude</i>, July 1911.~Ross, Peter; William Smith Pelletreau. <i>A History of Long Island: From its Earliest Settlement to the Present Time Volume III</i>. New York and Chicago: The Lewis Publishing Company, 1905.','2015-12-04 17:53:58'),(105,NULL,'Martin','Shaw','','','','0000-00-00','0000-00-00','<p>Martin Shaw (1875-1958), a British patriot and strong music advocate, was the son of a church organist and a pianist. He enrolled at the Royal College of music in 1895 and studied with Charles Stanford, but dropped out two years later. Still, during his time there, Shaw became a friend of Gustav Holst and Ralph Vaughan Williams. Shaw worked as the organist at Emmanuel Church and attempted to write theatrical music, but did not achieve the level of success that he had hoped. He also conducted and did research for Vaughan Williams. In 1908, Shaw began working as an organist at St. Mary, Primrose Hill. There, he helped to compile <i>The English Carol Book</i>, a collection whose goal was to promote new interest in older, sacred music. In 1913, Shaw helped found the Summer School of Church Music. While complications from diabetes rendered him unable to serve in the English military during WWI, Shaw was staunchly patriotic and strove to promote English, nationalistic music. He believed that European, and, specifically, German, music had moved to an emotional extreme, and preferred as more wholesome English music derived from folk songs and English composers. He promoted this music in schools, churches, and theaters; in 1918, he founded the League of Arts to further this goal.</p>\n\n<p>As a composer, Shaw excelled in educational choral music as well as sacred music. While writing music that was accessible to congregations and to the layperson, his music had enough complexity to satisfy more musically educated listeners. In 1932, the archbishop of Canterbury gave him the Lambeth doctorate of music, and in 1955 was made an OBE (Officer of the Most Excellent Order of the British Empire). In 1958, he became a Fellow at the Royal College of Music, a position that he only held for a few months before he died later that year.</p>\n\n<p>Shaw wrote in an article for the “Music and I” series of published interviews that he saw the purpose of music as serving life; musicians should focus on their humanity first and their music second. He loved the nationalistic quality of English song. One of his reasons for founding the Purcell Operatic Society was to help others appreciate English music as he did. He thought that English folk songs should be influenced by classical genres, and <i>vice versa</i>, to create a uniquely English brand of music. Moreover, he believed that music has the power to affect character, and, as such, a country should give as much care as possible to its creation. Due to its moral influences, he also believed that all people should be exposed to good music, and that music could improve the lives of the masses.</p>','Martin Shaw Trust. \"Martin Shaw: Music and Song.\" Martinshawmusic.com. Accessed February 9, 2015. <a href=“http://www.martinshawmusic.com/music/index.html.”>http://www.martinshawmusic.com/music/index.html.</a>~Shaw, Watkins; Onderdonk, Julian. “Shaw, Martin (Fallas).” <i>Grove Music Online</i>. Oxford: Oxford University Press. Accessed February 9, 2015. <a href=“http://www.oxfordmusiconline.com/subscriber/article/grove/music/25603.”>http://www.oxfordmusiconline.com/subscriber/article/grove/music/25603.</a>~Tomes, Jason. “Shaw, Martin Edward Fallas (1875-1958).” <i>Oxford Dictionary of National Biography</i>. Oxford: Oxford University Press, 2004. Accessed February 9, 2015. <a href=“http://www.oxforddnb.com/view/article/58851.”>http://www.oxforddnb.com/view/article/58851.</a>','2015-12-04 17:53:59'),(106,NULL,'Henry','Somerset',NULL,'Lord','',NULL,NULL,NULL,NULL,'2015-12-04 17:53:59'),(107,NULL,'Cyril','Scott',NULL,'','',NULL,NULL,NULL,NULL,'2015-12-04 17:53:59'),(108,NULL,'Hermann','L',NULL,'','',NULL,NULL,NULL,NULL,'2015-12-04 17:53:59'),(109,NULL,'R. Vaughan','Williams',NULL,'','',NULL,NULL,NULL,NULL,'2015-12-04 17:53:59'),(110,NULL,'Dante Gabriel','Rossetti',NULL,'','',NULL,NULL,NULL,NULL,'2015-12-04 17:53:59'),(111,NULL,'','Clarke',NULL,'Dr.','',NULL,NULL,NULL,NULL,'2015-12-04 17:53:59'),(112,NULL,'James','Landerson',NULL,'','',NULL,NULL,NULL,NULL,'2015-12-04 17:53:59'),(113,NULL,'Allan','Deane',NULL,'','',NULL,NULL,NULL,NULL,'2015-12-04 17:53:59'),(114,NULL,'Percy Bysshe','Shelley',NULL,'','',NULL,NULL,NULL,NULL,'2015-12-04 17:53:59'),(115,NULL,'G. W.','Marston',NULL,'','',NULL,NULL,NULL,NULL,'2015-12-04 17:53:59'),(116,NULL,'Frederick C.','Atkinson',NULL,'','',NULL,NULL,NULL,NULL,'2015-12-04 17:53:59'),(117,NULL,'Maude Val','White',NULL,'','',NULL,NULL,NULL,NULL,'2015-12-04 17:53:59'),(118,NULL,'','Sigourney',NULL,'Mrs.','',NULL,NULL,NULL,NULL,'2015-12-04 17:53:59'),(119,NULL,'Stephen','Glover',NULL,'','',NULL,NULL,NULL,NULL,'2015-12-04 17:53:59'),(120,NULL,'Jane','Taylor',NULL,'','',NULL,NULL,NULL,NULL,'2015-12-04 17:53:59'),(121,NULL,NULL,'Dolores',NULL,'','',NULL,NULL,NULL,NULL,'2015-12-04 17:53:59'),(122,NULL,'Alfred','Tennyson',NULL,'Lord','',NULL,NULL,NULL,NULL,'2015-12-04 17:53:59'),(123,NULL,'Dudley','Buck',NULL,'','',NULL,NULL,NULL,NULL,'2015-12-04 17:54:00'),(124,NULL,'J. F.','Rudolphsen','Frederick','','','0000-00-00','0000-00-00','<p>John Frederick Rudolphsen (1827- c.1895) was an American musician, singer, and actor. He joined an orchestra as a violinist at age sixteen, playing for Karl Krebs and Richard Wagner. In 1848, he moved to New York City where he joined Josef Gungl’s band.  After Gungl moved back to Europe, Rudolphsen joined the Italian Opera Orchestra. At the same time, he began studying voice, and made his vocal debut in 1853. He subsequently toured the he United States, creating a name for himself as a baritone. In the autumn of 1854, he joined Zerrahn’s Orchestral Union as a horn player. In 1862 he sang in a production of “Messiah” for The Boston Handel and Haydn Society and afterwards, Rudolphsen stayed in Boston, teaching and singing. He resumed touring in 1875 and joined the Cincinnati College of music faculty in 1879. He arranged Tennyson’s “It Is the Miller’s Daughter,” as well as “Break, Break,” “Te Deum Laudamus,” “Musing Sad and Lonely,” and “The Old Story.”</p>','Smith, Jewl A.. “Rudolphsen, John Frederick.” <i>The Grove Dictionary of American Music, 2nd Edition</i>. Oxford: Oxford UP.  Accessed June 17, 2015. <a href=“http://www.oxfordmusiconline.com/subscriber/article/grove/music/A2088178.”>http://www.oxfordmusiconline.com/subscriber/article/grove/music/A2088178</a>~Nancy Newman. <i>Good Music for a Free People: The Germania Musical Society in Nineteenth-Century America</i>. Rochester, NY: University of Rochester Press. 2010.','2015-12-04 17:54:00'),(125,NULL,'William R.','Dempster',NULL,'','',NULL,NULL,NULL,NULL,'2015-12-04 17:54:00'),(126,NULL,'J. Worthington','Bliss',NULL,'Mrs.','',NULL,NULL,NULL,NULL,'2015-12-04 17:54:00'),(127,NULL,'Leigh','Smith',NULL,'','',NULL,NULL,NULL,NULL,'2015-12-04 17:54:00'),(128,NULL,'R. Manners','White',NULL,'','Esq.',NULL,NULL,NULL,NULL,'2015-12-04 17:54:00'),(129,NULL,'Alexander','Lee',NULL,'','',NULL,NULL,NULL,NULL,'2015-12-04 17:54:00'),(130,NULL,'Cornwell Baron','Wilson',NULL,'Mrs.','',NULL,NULL,NULL,NULL,'2015-12-04 17:54:00'),(131,NULL,'T. B.','Phipps','Bloomer','','','0000-00-00','0000-00-00','<p>Thomas Bloomer Phipps (1796-1849) was a prolific but now rather obscure British composer who was most active during the 1820s. He wrote arrangements for harp, guitar, flute, violoncello, and pianoforte. Much of his work included writing music to accompany poems, including “Return of the Mariners,” “The Wandering Winds,” “Answer Me, Ye Burning Stars,” and “The Child’s First Grief,” all four with words by Felicia Hemans; “The Moon is Up! A Serenade In Answer to ‘Rise Gentle Moon!’” a lyric by Mrs. Cornwell Baron Wilson; “Waters of Elle; a Song from <i>Glenarvon</i>” with words by Lady Caroline Lamb; “Ma Normandie” with words by Frédéric Bérat; “The Assignation” words from the translation of Schiller by Bulwer-Lytton; “The banks of Allan Water” a popular ballad with words by M. G. Lewis; “Scots wha hae wi\' Wallace bled!” by Robert Burns, and “The Angel’s Whisper” by Samuel Lover. He also set some of Thomas Moore’s <i>Irish Melodies</i> to music.</p>\n\n<p>In 1821, he published “Cendrillon, a Celebrated French Air, Arranged as a Rondo for the Piano Forte” A reviewer for the <i>Monthly Magazine</i> remarked, “This air, highly attractive in itself, is here turned to very good account. The introduction of the car dance, and the German flute accompaniment, are eligible additions; and the result of the whole is an effect which bespeaks the lively and tasteful mind of the composer.”</p>\n\n<p>Other song titles include “O, Softly Rise, Bright Summer Moon,” “When the dew is on the grass, a Ballad, ” “The Cuckoo Bee (My Lady Come with Me),” “My Dark Hair’d Girl,” “The Land of Bliss,” “The Bohemian Waltz,” “A Highland Lad my Love was Born,” and “Answer Me Ye Burning Stars.”</p>\n\n<p>He also wrote dances, such as “The Shakspearian Quadrilles” and “The Bohemian Waltz,” and patriotic music, such as “The Imperial Grand March, and Quick-step,” and “British Triumphs in India,” which the score describes as “A favorite descriptive military piece, emblazoning the brilliant exploits of our gallant countrymen during the war in the Punjaub, &c. &c. Composed & respectfully dedicated to Henry Viscount Hardinge, G.C.B., Governor General of India.”</p> \n\n<p>He adapted the work of other composers, including “Here We Meet Too Soon to Part, adapted to Rossini\'s air Di Tanti Palpiti, with new symphonies and accompaniments for the piano forte,” and “The Preciosa Rondo, from Weber’s Preciosa, arranged as a Divertimento for the Piano-Forte.”</p>','“British Triumphs in India.’” <i>Brown University Library</i>. Accessed June 21, 2015. <a href=“https://repository.library.brown.edu/studio/item/bdr:389269/.”>https://repository.library.brown.edu/studio/item/bdr:389269/</a>~“Phipps, T. B. (Thomas Bloomer) 1796-1849.” <i>WorldCat.org</i>. Accessed June 21, 2015. <a href=“http://www.worldcat.org/identities/lccn-n89664825/.”>http://www.worldcat.org/identities/lccn-n89664825/</a>~JScholarship. “Browsing Levy Sheet Music Collection by Author ‘T. B. Phipps (composer).’” <i>John Hopkins University</i>. Accessed June 21, 2015. <a href=“https://jscholarship.library.jhu.edu/handle/1774.2/2085/browse?value=T.+B.+Phipps+(composer)&type=author.”>https://jscholarship.library.jhu.edu/handle/1774.2/2085/browse?value=T.+B.+Phipps+(composer)&type=author</a>~<i>Monthly Magazine</i> vol. 52, part 2, (1821): 274.','2015-12-04 17:54:00'),(132,NULL,'Eric H.','Thiman',NULL,'','',NULL,NULL,NULL,NULL,'2015-12-04 17:54:00'),(133,NULL,'William','Wordsworth',NULL,'','',NULL,NULL,NULL,NULL,'2015-12-04 17:54:00');
/*!40000 ALTER TABLE `Artist` ENABLE KEYS */;
UNLOCK TABLES;

--
-- Table structure for table `Artist_has_Score`
--

DROP TABLE IF EXISTS `Artist_has_Score`;
/*!40101 SET @saved_cs_client     = @@character_set_client */;
/*!40101 SET character_set_client = utf8 */;
CREATE TABLE `Artist_has_Score` (
  `artist_id` int(10) unsigned NOT NULL,
  `score_id` int(10) unsigned NOT NULL,
  `type` set('lyricist','composer') DEFAULT NULL,
  `date_added` timestamp NULL DEFAULT CURRENT_TIMESTAMP,
  PRIMARY KEY (`artist_id`,`score_id`),
  KEY `fk_Artist_has_Score_Score1_idx` (`score_id`),
  KEY `fk_Artist_has_Score_Artist1_idx` (`artist_id`),
  CONSTRAINT `fk_Artist_has_Score_Artist1` FOREIGN KEY (`artist_id`) REFERENCES `Artist` (`id`) ON DELETE NO ACTION ON UPDATE NO ACTION,
  CONSTRAINT `fk_Artist_has_Score_Score1` FOREIGN KEY (`score_id`) REFERENCES `Score` (`id`) ON DELETE NO ACTION ON UPDATE NO ACTION
) ENGINE=InnoDB DEFAULT CHARSET=utf8;
/*!40101 SET character_set_client = @saved_cs_client */;

--
-- Dumping data for table `Artist_has_Score`
--

LOCK TABLES `Artist_has_Score` WRITE;
/*!40000 ALTER TABLE `Artist_has_Score` DISABLE KEYS */;
INSERT INTO `Artist_has_Score` VALUES (1,1,'composer','2015-12-04 17:49:32'),(1,2,'composer','2015-12-04 17:49:32'),(1,3,'composer','2015-12-04 17:49:32'),(1,4,'composer','2015-12-04 17:49:33'),(1,5,'composer','2015-12-04 17:49:33'),(1,6,'composer','2015-12-04 17:49:33'),(1,7,'composer','2015-12-04 17:49:33'),(1,8,'composer','2015-12-04 17:49:33'),(1,9,'composer','2015-12-04 17:49:33'),(1,10,'composer','2015-12-04 17:49:33'),(1,11,'composer','2015-12-04 17:49:33'),(1,12,'composer','2015-12-04 17:49:33'),(1,13,'composer','2015-12-04 17:49:33'),(1,14,'composer','2015-12-04 17:49:33'),(1,15,'composer','2015-12-04 17:49:33'),(1,16,'composer','2015-12-04 17:49:33'),(1,17,'composer','2015-12-04 17:49:33'),(1,18,'composer','2015-12-04 17:49:33'),(1,19,'composer','2015-12-04 17:49:33'),(1,20,'composer','2015-12-04 17:49:33'),(1,21,'composer','2015-12-04 17:49:33'),(1,22,'composer','2015-12-04 17:49:33'),(1,23,'composer','2015-12-04 17:49:33'),(1,24,'composer','2015-12-04 17:49:33'),(1,25,'composer','2015-12-04 17:49:33'),(1,26,'composer','2015-12-04 17:49:34'),(1,27,'composer','2015-12-04 17:49:34'),(1,28,'composer','2015-12-04 17:49:34'),(1,29,'composer','2015-12-04 17:49:34'),(1,30,'composer','2015-12-04 17:49:34'),(1,31,'composer','2015-12-04 17:49:34'),(1,32,'composer','2015-12-04 17:49:34'),(1,33,'composer','2015-12-04 17:49:34'),(1,34,'composer','2015-12-04 17:49:34'),(1,35,'composer','2015-12-04 17:49:34'),(1,36,'composer','2015-12-04 17:49:34'),(1,37,'composer','2015-12-04 17:49:34'),(1,38,'composer','2015-12-04 17:49:34'),(1,39,'composer','2015-12-04 17:49:34'),(1,40,'composer','2015-12-04 17:49:34'),(1,41,'composer','2015-12-04 17:49:34'),(1,42,'composer','2015-12-04 17:49:34'),(1,43,'composer','2015-12-04 17:49:34'),(1,44,'composer','2015-12-04 17:49:34'),(1,45,'composer','2015-12-04 17:49:34'),(1,46,'composer','2015-12-04 17:49:35'),(1,47,'composer','2015-12-04 17:49:35'),(1,48,'composer','2015-12-04 17:49:35'),(1,49,'composer','2015-12-04 17:49:35'),(1,50,'composer','2015-12-04 17:49:35'),(1,51,'composer','2015-12-04 17:49:35'),(1,52,'composer','2015-12-04 17:49:35'),(1,53,'composer','2015-12-04 17:49:35'),(1,54,'composer','2015-12-04 17:49:35'),(1,55,'composer','2015-12-04 17:49:35'),(1,56,'composer','2015-12-04 17:49:35'),(1,57,'composer','2015-12-04 17:49:35'),(1,58,'composer','2015-12-04 17:49:35'),(1,59,'composer','2015-12-04 17:49:35'),(1,60,'composer','2015-12-04 17:49:35'),(1,61,'composer','2015-12-04 17:49:35'),(1,62,'composer','2015-12-04 17:49:35'),(1,63,'composer','2015-12-04 17:49:35'),(1,64,'composer','2015-12-04 17:49:35'),(1,65,'composer','2015-12-04 17:49:35'),(1,66,'composer','2015-12-04 17:49:35'),(1,67,'composer','2015-12-04 17:51:46'),(1,68,'composer','2015-12-04 17:51:47'),(1,69,'composer','2015-12-04 17:51:47'),(1,70,'composer','2015-12-04 17:51:47'),(1,71,'composer','2015-12-04 17:51:47'),(1,72,'composer','2015-12-04 17:51:47'),(1,73,'composer','2015-12-04 17:51:47'),(1,74,'composer','2015-12-04 17:51:47'),(1,75,'composer','2015-12-04 17:51:47'),(1,76,'composer','2015-12-04 17:51:47'),(1,77,'composer','2015-12-04 17:51:47'),(1,78,'composer','2015-12-04 17:51:47'),(1,79,'composer','2015-12-04 17:51:47'),(1,80,'composer','2015-12-04 17:51:47'),(1,81,'composer','2015-12-04 17:51:48'),(1,82,'composer','2015-12-04 17:51:48'),(1,83,'composer','2015-12-04 17:51:48'),(1,84,'composer','2015-12-04 17:51:48'),(1,85,'composer','2015-12-04 17:51:48'),(1,86,'composer','2015-12-04 17:51:48'),(1,87,'composer','2015-12-04 17:51:48'),(1,88,'composer','2015-12-04 17:51:48'),(1,89,'composer','2015-12-04 17:51:48'),(1,90,'composer','2015-12-04 17:51:48'),(1,91,'composer','2015-12-04 17:51:48'),(1,93,'composer','2015-12-04 17:51:48'),(1,94,'composer','2015-12-04 17:51:48'),(1,96,'composer','2015-12-04 17:51:48'),(1,97,'composer','2015-12-04 17:51:48'),(1,98,'composer','2015-12-04 17:51:49'),(1,99,'composer','2015-12-04 17:51:49'),(1,100,'composer','2015-12-04 17:51:49'),(1,101,'composer','2015-12-04 17:51:49'),(1,102,'composer','2015-12-04 17:51:49'),(1,103,'composer','2015-12-04 17:51:49'),(1,104,'composer','2015-12-04 17:51:49'),(1,105,'composer','2015-12-04 17:51:49'),(1,106,'composer','2015-12-04 17:51:49'),(1,107,'composer','2015-12-04 17:51:49'),(1,108,'composer','2015-12-04 17:51:49'),(1,109,'composer','2015-12-04 17:51:49'),(1,110,'composer','2015-12-04 17:53:15'),(1,111,'composer','2015-12-04 17:53:15'),(1,112,'composer','2015-12-04 17:53:15'),(1,114,'composer','2015-12-04 17:53:15'),(1,115,'composer','2015-12-04 17:53:15'),(1,116,'composer','2015-12-04 17:53:15'),(1,117,'composer','2015-12-04 17:53:15'),(1,118,'composer','2015-12-04 17:53:15'),(1,119,'composer','2015-12-04 17:53:16'),(1,120,'composer','2015-12-04 17:53:16'),(1,121,'composer','2015-12-04 17:53:16'),(1,122,'composer','2015-12-04 17:53:16'),(1,123,'composer','2015-12-04 17:53:16'),(1,124,'composer','2015-12-04 17:53:16'),(1,125,'composer','2015-12-04 17:53:16'),(1,126,'composer','2015-12-04 17:53:17'),(1,127,'composer','2015-12-04 17:53:17'),(1,128,'composer','2015-12-04 17:53:17'),(1,129,'composer','2015-12-04 17:53:17'),(1,130,'composer','2015-12-04 17:53:17'),(1,131,'composer','2015-12-04 17:53:17'),(1,132,'composer','2015-12-04 17:53:17'),(1,133,'composer','2015-12-04 17:53:17'),(1,134,'composer','2015-12-04 17:53:17'),(1,135,'composer','2015-12-04 17:53:18'),(1,136,'composer','2015-12-04 17:53:18'),(1,137,'composer','2015-12-04 17:53:18'),(1,138,'composer','2015-12-04 17:53:18'),(1,139,'composer','2015-12-04 17:53:18'),(1,140,'composer','2015-12-04 17:53:18'),(1,141,'composer','2015-12-04 17:53:19'),(1,142,'composer','2015-12-04 17:53:19'),(1,143,'composer','2015-12-04 17:53:19'),(1,144,'composer','2015-12-04 17:53:19'),(1,145,'composer','2015-12-04 17:53:19'),(1,146,'composer','2015-12-04 17:53:19'),(1,147,'composer','2015-12-04 17:53:19'),(1,148,'composer','2015-12-04 17:53:19'),(1,149,'composer','2015-12-04 17:53:19'),(1,150,'composer','2015-12-04 17:53:19'),(1,151,'composer','2015-12-04 17:53:19'),(19,95,'composer','2015-12-04 17:51:48'),(22,113,'composer','2015-12-04 17:53:15'),(25,152,'composer','2015-12-04 17:53:48'),(26,153,'composer','2015-12-04 17:53:48'),(27,154,'composer','2015-12-04 17:53:49'),(27,190,'composer','2015-12-04 17:53:55'),(28,155,'composer','2015-12-04 17:53:49'),(30,156,'composer','2015-12-04 17:53:49'),(30,246,'composer','2015-12-04 17:53:58'),(31,157,'composer','2015-12-04 17:53:49'),(33,158,'composer','2015-12-04 17:53:49'),(35,159,'composer','2015-12-04 17:53:49'),(36,160,'composer','2015-12-04 17:53:49'),(37,161,'composer','2015-12-04 17:53:49'),(38,162,'composer','2015-12-04 17:53:49'),(39,163,'composer','2015-12-04 17:53:49'),(41,164,'composer','2015-12-04 17:53:50'),(42,165,'composer','2015-12-04 17:53:50'),(42,168,'composer','2015-12-04 17:53:51'),(43,166,'composer','2015-12-04 17:53:50'),(44,167,'composer','2015-12-04 17:53:51'),(45,169,'composer','2015-12-04 17:53:51'),(46,170,'composer','2015-12-04 17:53:51'),(47,171,'composer','2015-12-04 17:53:51'),(48,172,'composer','2015-12-04 17:53:52'),(50,173,'composer','2015-12-04 17:53:52'),(51,174,'composer','2015-12-04 17:53:52'),(52,175,'composer','2015-12-04 17:53:53'),(53,176,'composer','2015-12-04 17:53:53'),(55,177,'composer','2015-12-04 17:53:53'),(56,178,'composer','2015-12-04 17:53:54'),(56,184,'composer','2015-12-04 17:53:55'),(57,179,'composer','2015-12-04 17:53:54'),(58,180,'composer','2015-12-04 17:53:54'),(59,181,'composer','2015-12-04 17:53:54'),(61,182,'composer','2015-12-04 17:53:54'),(63,183,'composer','2015-12-04 17:53:55'),(64,185,'composer','2015-12-04 17:53:55'),(65,186,'composer','2015-12-04 17:53:55'),(67,187,'composer','2015-12-04 17:53:55'),(68,188,'composer','2015-12-04 17:53:55'),(69,189,'composer','2015-12-04 17:53:55'),(71,195,'composer','2015-12-04 17:53:56'),(72,196,'composer','2015-12-04 17:53:56'),(72,273,'composer','2015-12-04 17:54:00'),(74,197,'composer','2015-12-04 17:53:56'),(74,198,'composer','2015-12-04 17:53:56'),(75,199,'composer','2015-12-04 17:53:56'),(76,200,'composer','2015-12-04 17:53:56'),(76,204,'composer','2015-12-04 17:53:56'),(76,205,'composer','2015-12-04 17:53:56'),(77,201,'composer','2015-12-04 17:53:56'),(78,202,'composer','2015-12-04 17:53:56'),(79,206,'composer','2015-12-04 17:53:56'),(79,210,'composer','2015-12-04 17:53:56'),(79,211,'composer','2015-12-04 17:53:56'),(79,212,'composer','2015-12-04 17:53:57'),(79,213,'composer','2015-12-04 17:53:57'),(79,220,'composer','2015-12-04 17:53:57'),(79,221,'composer','2015-12-04 17:53:57'),(79,222,'composer','2015-12-04 17:53:57'),(79,228,'composer','2015-12-04 17:53:57'),(79,229,'composer','2015-12-04 17:53:57'),(79,235,'composer','2015-12-04 17:53:58'),(79,243,'composer','2015-12-04 17:53:58'),(79,244,'composer','2015-12-04 17:53:58'),(80,207,'composer','2015-12-04 17:53:56'),(81,208,'composer','2015-12-04 17:53:56'),(82,209,'composer','2015-12-04 17:53:56'),(82,223,'composer','2015-12-04 17:53:57'),(82,230,'composer','2015-12-04 17:53:57'),(82,238,'composer','2015-12-04 17:53:58'),(83,214,'composer','2015-12-04 17:53:57'),(83,232,'composer','2015-12-04 17:53:58'),(83,233,'composer','2015-12-04 17:53:58'),(83,234,'composer','2015-12-04 17:53:58'),(83,236,'composer','2015-12-04 17:53:58'),(83,280,'composer','2015-12-04 17:54:00'),(84,215,'composer','2015-12-04 17:53:57'),(85,216,'composer','2015-12-04 17:53:57'),(86,217,'composer','2015-12-04 17:53:57'),(86,218,'composer','2015-12-04 17:53:57'),(87,219,'composer','2015-12-04 17:53:57'),(87,268,'composer','2015-12-04 17:53:59'),(88,224,'composer','2015-12-04 17:53:57'),(88,227,'composer','2015-12-04 17:53:57'),(89,225,'composer','2015-12-04 17:53:57'),(90,231,'composer','2015-12-04 17:53:58'),(91,237,'composer','2015-12-04 17:53:58'),(92,239,'composer','2015-12-04 17:53:58'),(93,240,'composer','2015-12-04 17:53:58'),(93,241,'composer','2015-12-04 17:53:58'),(93,242,'composer','2015-12-04 17:53:58'),(94,245,'composer','2015-12-04 17:53:58'),(97,247,'composer','2015-12-04 17:53:58'),(98,247,'composer','2015-12-04 17:53:58'),(100,248,'composer','2015-12-04 17:53:58'),(102,249,'composer','2015-12-04 17:53:58'),(102,251,'composer','2015-12-04 17:53:59'),(102,258,'composer','2015-12-04 17:53:59'),(104,250,'composer','2015-12-04 17:53:58'),(104,252,'composer','2015-12-04 17:53:59'),(104,253,'composer','2015-12-04 17:53:59'),(105,254,'composer','2015-12-04 17:53:59'),(105,261,'composer','2015-12-04 17:53:59'),(106,255,'composer','2015-12-04 17:53:59'),(107,256,'composer','2015-12-04 17:53:59'),(107,257,'composer','2015-12-04 17:53:59'),(108,259,'composer','2015-12-04 17:53:59'),(109,260,'composer','2015-12-04 17:53:59'),(111,262,'composer','2015-12-04 17:53:59'),(112,263,'composer','2015-12-04 17:53:59'),(113,264,'composer','2015-12-04 17:53:59'),(115,265,'composer','2015-12-04 17:53:59'),(116,266,'composer','2015-12-04 17:53:59'),(117,267,'composer','2015-12-04 17:53:59'),(119,269,'composer','2015-12-04 17:53:59'),(121,270,'composer','2015-12-04 17:53:59'),(123,271,'composer','2015-12-04 17:54:00'),(124,272,'composer','2015-12-04 17:54:00'),(125,274,'composer','2015-12-04 17:54:00'),(126,275,'composer','2015-12-04 17:54:00'),(127,276,'composer','2015-12-04 17:54:00'),(129,277,'composer','2015-12-04 17:54:00'),(131,278,'composer','2015-12-04 17:54:00'),(132,279,'composer','2015-12-04 17:54:00');
/*!40000 ALTER TABLE `Artist_has_Score` ENABLE KEYS */;
UNLOCK TABLES;

--
-- Table structure for table `Artist_has_Work`
--

DROP TABLE IF EXISTS `Artist_has_Work`;
/*!40101 SET @saved_cs_client     = @@character_set_client */;
/*!40101 SET character_set_client = utf8 */;
CREATE TABLE `Artist_has_Work` (
  `artist_id` int(10) unsigned NOT NULL,
  `work_id` int(10) unsigned NOT NULL,
  `date_added` timestamp NULL DEFAULT CURRENT_TIMESTAMP,
  PRIMARY KEY (`artist_id`,`work_id`),
  KEY `fk_Artist_has_Work_Work1_idx` (`work_id`),
  KEY `fk_Artist_has_Work_Artist1_idx` (`artist_id`),
  CONSTRAINT `fk_Artist_has_Work_Artist1` FOREIGN KEY (`artist_id`) REFERENCES `Artist` (`id`) ON DELETE NO ACTION ON UPDATE NO ACTION,
  CONSTRAINT `fk_Artist_has_Work_Work1` FOREIGN KEY (`work_id`) REFERENCES `Work` (`id`) ON DELETE NO ACTION ON UPDATE NO ACTION
) ENGINE=InnoDB DEFAULT CHARSET=utf8;
/*!40101 SET character_set_client = @saved_cs_client */;

--
-- Dumping data for table `Artist_has_Work`
--

LOCK TABLES `Artist_has_Work` WRITE;
/*!40000 ALTER TABLE `Artist_has_Work` DISABLE KEYS */;
INSERT INTO `Artist_has_Work` VALUES (2,1,'2015-12-04 17:49:32'),(2,3,'2015-12-04 17:49:32'),(2,5,'2015-12-04 17:49:33'),(2,6,'2015-12-04 17:49:33'),(2,8,'2015-12-04 17:49:33'),(2,11,'2015-12-04 17:49:33'),(2,12,'2015-12-04 17:49:33'),(2,13,'2015-12-04 17:49:33'),(2,14,'2015-12-04 17:49:33'),(2,15,'2015-12-04 17:49:33'),(2,16,'2015-12-04 17:49:33'),(2,17,'2015-12-04 17:49:33'),(2,19,'2015-12-04 17:49:33'),(2,20,'2015-12-04 17:49:33'),(2,21,'2015-12-04 17:49:33'),(2,22,'2015-12-04 17:49:33'),(2,23,'2015-12-04 17:49:33'),(2,24,'2015-12-04 17:49:33'),(2,27,'2015-12-04 17:49:34'),(2,28,'2015-12-04 17:49:34'),(2,29,'2015-12-04 17:49:34'),(2,30,'2015-12-04 17:49:34'),(2,31,'2015-12-04 17:49:34'),(2,32,'2015-12-04 17:49:34'),(2,33,'2015-12-04 17:49:34'),(2,34,'2015-12-04 17:49:34'),(2,36,'2015-12-04 17:49:34'),(2,37,'2015-12-04 17:49:34'),(2,38,'2015-12-04 17:49:34'),(2,40,'2015-12-04 17:49:34'),(2,41,'2015-12-04 17:49:34'),(2,43,'2015-12-04 17:49:34'),(2,44,'2015-12-04 17:49:34'),(2,45,'2015-12-04 17:49:34'),(2,46,'2015-12-04 17:49:35'),(2,47,'2015-12-04 17:49:35'),(2,48,'2015-12-04 17:49:35'),(2,50,'2015-12-04 17:49:35'),(2,52,'2015-12-04 17:49:35'),(2,54,'2015-12-04 17:49:35'),(2,55,'2015-12-04 17:49:35'),(2,56,'2015-12-04 17:49:35'),(2,57,'2015-12-04 17:49:35'),(2,58,'2015-12-04 17:49:35'),(2,60,'2015-12-04 17:49:35'),(2,62,'2015-12-04 17:49:35'),(2,63,'2015-12-04 17:49:35'),(2,64,'2015-12-04 17:49:35'),(2,65,'2015-12-04 17:49:35'),(2,66,'2015-12-04 17:49:35'),(2,67,'2015-12-04 17:51:46'),(2,69,'2015-12-04 17:51:47'),(2,70,'2015-12-04 17:51:47'),(2,71,'2015-12-04 17:51:47'),(2,72,'2015-12-04 17:51:47'),(2,73,'2015-12-04 17:51:47'),(2,75,'2015-12-04 17:51:47'),(2,76,'2015-12-04 17:51:47'),(2,77,'2015-12-04 17:51:47'),(2,79,'2015-12-04 17:51:47'),(2,80,'2015-12-04 17:51:47'),(2,81,'2015-12-04 17:51:48'),(2,82,'2015-12-04 17:51:48'),(2,83,'2015-12-04 17:51:48'),(2,84,'2015-12-04 17:51:48'),(2,85,'2015-12-04 17:51:48'),(2,86,'2015-12-04 17:51:48'),(2,87,'2015-12-04 17:51:48'),(2,88,'2015-12-04 17:51:48'),(2,89,'2015-12-04 17:51:48'),(2,90,'2015-12-04 17:51:48'),(2,91,'2015-12-04 17:51:48'),(2,93,'2015-12-04 17:51:48'),(2,99,'2015-12-04 17:51:49'),(2,100,'2015-12-04 17:51:49'),(2,101,'2015-12-04 17:51:49'),(2,102,'2015-12-04 17:51:49'),(2,104,'2015-12-04 17:51:49'),(2,106,'2015-12-04 17:51:49'),(2,107,'2015-12-04 17:51:49'),(2,108,'2015-12-04 17:51:49'),(2,109,'2015-12-04 17:51:49'),(2,110,'2015-12-04 17:53:15'),(2,112,'2015-12-04 17:53:15'),(2,114,'2015-12-04 17:53:15'),(2,117,'2015-12-04 17:53:15'),(2,119,'2015-12-04 17:53:16'),(2,121,'2015-12-04 17:53:16'),(2,122,'2015-12-04 17:53:16'),(2,123,'2015-12-04 17:53:16'),(2,124,'2015-12-04 17:53:16'),(2,125,'2015-12-04 17:53:17'),(2,126,'2015-12-04 17:53:17'),(2,128,'2015-12-04 17:53:17'),(2,129,'2015-12-04 17:53:17'),(2,130,'2015-12-04 17:53:17'),(2,131,'2015-12-04 17:53:17'),(2,132,'2015-12-04 17:53:17'),(2,133,'2015-12-04 17:53:17'),(2,142,'2015-12-04 17:53:19'),(2,143,'2015-12-04 17:53:19'),(2,144,'2015-12-04 17:53:19'),(2,145,'2015-12-04 17:53:19'),(2,148,'2015-12-04 17:53:19'),(2,149,'2015-12-04 17:53:19'),(2,150,'2015-12-04 17:53:19'),(2,158,'2015-12-04 17:53:49'),(2,159,'2015-12-04 17:53:49'),(2,160,'2015-12-04 17:53:49'),(3,2,'2015-12-04 17:49:32'),(4,4,'2015-12-04 17:49:33'),(5,7,'2015-12-04 17:49:33'),(6,18,'2015-12-04 17:49:33'),(7,25,'2015-12-04 17:49:34'),(7,111,'2015-12-04 17:53:15'),(7,135,'2015-12-04 17:53:18'),(7,147,'2015-12-04 17:53:19'),(7,232,'2015-12-04 17:53:59'),(7,233,'2015-12-04 17:53:59'),(8,26,'2015-12-04 17:49:34'),(8,175,'2015-12-04 17:53:54'),(8,176,'2015-12-04 17:53:54'),(8,177,'2015-12-04 17:53:54'),(9,35,'2015-12-04 17:49:34'),(9,116,'2015-12-04 17:53:15'),(9,118,'2015-12-04 17:53:16'),(9,136,'2015-12-04 17:53:18'),(9,155,'2015-12-04 17:53:49'),(10,39,'2015-12-04 17:49:34'),(10,127,'2015-12-04 17:53:17'),(11,49,'2015-12-04 17:49:35'),(11,151,'2015-12-04 17:53:48'),(11,152,'2015-12-04 17:53:49'),(11,153,'2015-12-04 17:53:49'),(12,51,'2015-12-04 17:49:35'),(12,78,'2015-12-04 17:51:47'),(12,95,'2015-12-04 17:51:48'),(12,139,'2015-12-04 17:53:18'),(12,174,'2015-12-04 17:53:54'),(13,53,'2015-12-04 17:49:35'),(14,59,'2015-12-04 17:49:35'),(15,59,'2015-12-04 17:49:35'),(16,68,'2015-12-04 17:51:47'),(17,74,'2015-12-04 17:51:47'),(18,94,'2015-12-04 17:51:48'),(20,96,'2015-12-04 17:51:48'),(21,97,'2015-12-04 17:51:48'),(21,172,'2015-12-04 17:53:53'),(23,113,'2015-12-04 17:53:15'),(23,134,'2015-12-04 17:53:18'),(24,137,'2015-12-04 17:53:18'),(29,154,'2015-12-04 17:53:49'),(32,156,'2015-12-04 17:53:49'),(34,157,'2015-12-04 17:53:49'),(40,161,'2015-12-04 17:53:49'),(40,162,'2015-12-04 17:53:50'),(40,163,'2015-12-04 17:53:50'),(40,164,'2015-12-04 17:53:51'),(40,165,'2015-12-04 17:53:51'),(40,166,'2015-12-04 17:53:51'),(40,167,'2015-12-04 17:53:51'),(40,168,'2015-12-04 17:53:52'),(49,169,'2015-12-04 17:53:52'),(49,170,'2015-12-04 17:53:52'),(49,171,'2015-12-04 17:53:53'),(54,173,'2015-12-04 17:53:53'),(60,178,'2015-12-04 17:53:54'),(62,179,'2015-12-04 17:53:54'),(62,180,'2015-12-04 17:53:55'),(66,183,'2015-12-04 17:53:55'),(70,74,'2015-12-04 17:53:55'),(73,188,'2015-12-04 17:53:56'),(73,189,'2015-12-04 17:53:56'),(73,190,'2015-12-04 17:53:56'),(73,191,'2015-12-04 17:53:56'),(76,192,'2015-12-04 17:53:56'),(76,193,'2015-12-04 17:53:56'),(76,194,'2015-12-04 17:53:56'),(76,195,'2015-12-04 17:53:56'),(76,196,'2015-12-04 17:53:56'),(76,197,'2015-12-04 17:53:56'),(79,198,'2015-12-04 17:53:56'),(79,199,'2015-12-04 17:53:56'),(79,200,'2015-12-04 17:53:56'),(79,201,'2015-12-04 17:53:56'),(79,202,'2015-12-04 17:53:56'),(79,203,'2015-12-04 17:53:57'),(79,204,'2015-12-04 17:53:57'),(79,205,'2015-12-04 17:53:57'),(79,206,'2015-12-04 17:53:57'),(79,207,'2015-12-04 17:53:57'),(79,208,'2015-12-04 17:53:57'),(79,209,'2015-12-04 17:53:57'),(79,210,'2015-12-04 17:53:57'),(79,211,'2015-12-04 17:53:57'),(79,212,'2015-12-04 17:53:57'),(79,213,'2015-12-04 17:53:57'),(79,214,'2015-12-04 17:53:58'),(79,215,'2015-12-04 17:53:58'),(79,217,'2015-12-04 17:53:58'),(79,218,'2015-12-04 17:53:58'),(79,219,'2015-12-04 17:53:58'),(95,220,'2015-12-04 17:53:58'),(96,221,'2015-12-04 17:53:58'),(99,222,'2015-12-04 17:53:58'),(101,223,'2015-12-04 17:53:58'),(103,224,'2015-12-04 17:53:58'),(103,225,'2015-12-04 17:53:59'),(103,226,'2015-12-04 17:53:59'),(103,227,'2015-12-04 17:53:59'),(103,228,'2015-12-04 17:53:59'),(103,229,'2015-12-04 17:53:59'),(103,231,'2015-12-04 17:53:59'),(110,230,'2015-12-04 17:53:59'),(114,234,'2015-12-04 17:53:59'),(114,235,'2015-12-04 17:53:59'),(114,236,'2015-12-04 17:53:59'),(118,237,'2015-12-04 17:53:59'),(120,238,'2015-12-04 17:53:59'),(122,239,'2015-12-04 17:53:59'),(122,240,'2015-12-04 17:54:00'),(122,241,'2015-12-04 17:54:00'),(122,242,'2015-12-04 17:54:00'),(122,243,'2015-12-04 17:54:00'),(122,244,'2015-12-04 17:54:00'),(128,245,'2015-12-04 17:54:00'),(130,246,'2015-12-04 17:54:00'),(130,247,'2015-12-04 17:54:00'),(133,248,'2015-12-04 17:54:00');
/*!40000 ALTER TABLE `Artist_has_Work` ENABLE KEYS */;
UNLOCK TABLES;

--
-- Table structure for table `Augnotes`
--

DROP TABLE IF EXISTS `Augnotes`;
/*!40101 SET @saved_cs_client     = @@character_set_client */;
/*!40101 SET character_set_client = utf8 */;
CREATE TABLE `Augnotes` (
  `id` int(10) unsigned NOT NULL AUTO_INCREMENT,
  `score_id` int(10) unsigned NOT NULL,
  `data` mediumtext,
  `mp3_path` varchar(512) DEFAULT NULL,
  `ogg_path` varchar(512) DEFAULT NULL,
  `performers` mediumtext COMMENT 'Recording artists, separated by semicolons, parenthesis indicate instruments - e.g.',
  `date` date DEFAULT NULL COMMENT 'Date of recording if available',
  `info` longtext COMMENT 'Any information about the recording - location, etc.',
  PRIMARY KEY (`id`,`score_id`),
  UNIQUE KEY `id_UNIQUE` (`id`),
  KEY `fk_Augnotes_Score1_idx` (`score_id`),
  CONSTRAINT `fk_Augnotes_Score1` FOREIGN KEY (`score_id`) REFERENCES `Score` (`id`) ON DELETE NO ACTION ON UPDATE NO ACTION
) ENGINE=InnoDB AUTO_INCREMENT=5 DEFAULT CHARSET=utf8;
/*!40101 SET character_set_client = @saved_cs_client */;

--
-- Dumping data for table `Augnotes`
--

LOCK TABLES `Augnotes` WRITE;
/*!40000 ALTER TABLE `Augnotes` DISABLE KEYS */;
INSERT INTO `Augnotes` VALUES (1,191,'{\"pages\": [{\"measure_ends\": [3.1800000000000002, 5.9900000000000002, 9.1899999999999995, 12.539999999999999, 15.6, 18.739999999999998, 21.530000000000001, 24.050000000000001, 27.129999999999999, 30.25, 33.130000000000003, 35.640000000000001, 39.200000000000003, 42.340000000000003, 45.689999999999998, 46.340000000000003, 49.079999999999998, 51.869999999999997, 54.759999999999998, 57.799999999999997, 60.829999999999998, 64.010000000000005, 67.099999999999994, 70.200000000000003, 73.150000000000006, 76.219999999999999, 79.420000000000002, 82.379999999999995], \"measure_bounds\": [[190, 155, 95, 91], [296, 155, 77, 91], [387, 155, 227, 91], [628, 155, 184, 91], [827, 155, 89, 91], [86, 305, 215, 91], [315, 305, 177, 91], [507, 305, 122, 91], [643, 305, 109, 91], [766, 305, 154, 91], [88, 454, 272, 89], [372, 454, 100, 89], [487, 454, 127, 89], [628, 454, 166, 89], [809, 454, 114, 89], [117, 601, 116, 93], [247, 601, 123, 93], [385, 601, 123, 93], [523, 601, 208, 93], [745, 601, 179, 93], [83, 753, 290, 93], [387, 753, 259, 93], [659, 753, 267, 93], [79, 901, 320, 95], [412, 901, 247, 95], [671, 901, 254, 95], [79, 1051, 324, 95], [415, 1051, 249, 95]]}, {\"measure_ends\": [85.489999999999995, 88.569999999999993, 91.519999999999996, 94.620000000000005, 97.730000000000004, 101.02, 103.65000000000001, 107.05, 110.39, 113.43000000000001, 116.17, 121.86, 125.27, 127.98999999999999, 140.66, 144.43000000000001, 147.56999999999999, 150.74000000000001, 153.91, 157.08000000000001, 159.94, 166.43000000000001, 169.87, 172.83000000000001, 176.08000000000001, 181.41, 184.63999999999999, 187.59999999999999, 201.93000000000001, 204.97, 208.21000000000001, 211.19999999999999, 214.52000000000001, 217.38999999999999, 220.52000000000001, 226.97, 230.25, 232.71000000000001, 236.03999999999999, 242.16, 244.87, 247.66999999999999, null], \"measure_bounds\": [[290, 395, 238, 4], [542, 393, 202, 5], [288, 420, 191, 4], [494, 420, 220, 5], [288, 442, 218, 7], [521, 442, 148, 7], [290, 466, 197, 9], [503, 466, 148, 9], [290, 492, 193, 5], [498, 492, 186, 5], [290, 514, 197, 7], [501, 514, 236, 5], [292, 537, 179, 9], [487, 537, 186, 9], [292, 563, 342, 9], [292, 598, 197, 9], [508, 598, 233, 7], [294, 622, 220, 7], [528, 619, 225, 9], [294, 644, 213, 11], [521, 644, 240, 7], [296, 669, 349, 7], [296, 691, 206, 7], [521, 691, 134, 5], [297, 713, 225, 11], [537, 715, 127, 9], [297, 738, 190, 7], [503, 738, 206, 5], [297, 759, 426, 9], [296, 794, 195, 9], [505, 796, 154, 9], [296, 818, 200, 7], [510, 819, 193, 5], [297, 841, 186, 7], [499, 839, 166, 11], [297, 864, 297, 11], [297, 892, 191, 7], [505, 892, 163, 7], [299, 916, 245, 5], [558, 914, 154, 5], [299, 935, 174, 9], [489, 935, 141, 13], [299, 960, 338, 11]]}]}','score_images/individual/lindsay_auld/audio/01/music.mp3',NULL,NULL,NULL,NULL),(2,194,'{\"pages\": [{\"measure_ends\": [0.46999999999999997, 3.5, 6.5199999999999996, 9.4199999999999999, 12.369999999999999, 15.550000000000001, 18.579999999999998, 21.600000000000001, 24.48, 27.82, 30.949999999999999], \"measure_bounds\": [[165, 560, 75, 147], [253, 560, 97, 154], [360, 556, 104, 156], [475, 560, 224, 156], [708, 562, 161, 154], [105, 769, 274, 154], [389, 771, 238, 152], [636, 771, 229, 152], [105, 982, 234, 154], [348, 982, 268, 156], [625, 980, 242, 156]]}, {\"measure_ends\": [34.140000000000001, 37.109999999999999, 40.289999999999999, 43.299999999999997, 46.490000000000002, 53.090000000000003, 56.399999999999999, 59.399999999999999, 62.509999999999998, 65.420000000000002, 69.980000000000004, 71.819999999999993, 74.920000000000002, 77.890000000000001, 80.909999999999997], \"measure_bounds\": [[121, 138, 308, 159], [436, 134, 222, 159], [666, 129, 256, 165], [123, 361, 279, 159], [409, 356, 252, 165], [666, 354, 261, 166], [126, 585, 331, 163], [464, 585, 231, 161], [702, 578, 225, 159], [130, 810, 293, 159], [430, 805, 308, 172], [747, 799, 184, 161], [131, 1032, 290, 165], [428, 1021, 243, 170], [677, 1023, 256, 166]]}, {\"measure_ends\": [84.120000000000005, 87.170000000000002, 90.159999999999997, 93.290000000000006, 96.430000000000007, 99.459999999999994, 102.34999999999999, 105.59999999999999, 112.12, 115.11, 118.09, 121.04000000000001, 123.66, 128.31, null], \"measure_bounds\": [[65, 116, 288, 163], [359, 118, 274, 168], [643, 120, 213, 161], [64, 334, 290, 165], [364, 338, 234, 166], [609, 345, 250, 161], [64, 558, 267, 161], [340, 563, 277, 159], [629, 563, 227, 161], [62, 776, 292, 166], [362, 778, 224, 168], [597, 787, 259, 159], [64, 998, 247, 172], [318, 1002, 265, 168], [595, 1005, 125, 168]]}]}','score_images/individual/lindsay_auldtenducci/audio/auld_tenducci_mp3.mp3',NULL,NULL,NULL,NULL),(3,193,'{\"pages\": [{\"measure_ends\": [3.0600000000000001, 6.4500000000000002, 10.359999999999999, 13.48, 16.359999999999999, 19.350000000000001, 22.350000000000001, 25.449999999999999, 28.629999999999999, 31.899999999999999, 34.729999999999997, 37.600000000000001, 40.560000000000002, 43.530000000000001, 47.359999999999999], \"measure_bounds\": [[174, 526, 134, 177], [319, 526, 82, 177], [412, 526, 222, 177], [647, 526, 231, 177], [110, 757, 141, 172], [260, 757, 138, 172], [407, 757, 140, 172], [561, 757, 88, 172], [659, 757, 82, 172], [754, 757, 118, 172], [108, 984, 259, 172], [379, 984, 79, 172], [473, 984, 100, 172], [587, 984, 172, 172], [769, 984, 98, 172]]}, {\"measure_ends\": [49.07, 52.340000000000003, 55.25, 57.490000000000002, 61.619999999999997, 62.280000000000001, 65.319999999999993, 68.420000000000002, 71.489999999999995, 74.739999999999995, 77.730000000000004, 80.799999999999997, 85.609999999999999, 89.409999999999997, 92.180000000000007, 95.280000000000001, 98.409999999999997], \"measure_bounds\": [[201, 171, 86, 97], [300, 171, 118, 97], [431, 171, 131, 97], [573, 171, 170, 97], [755, 171, 140, 97], [131, 336, 91, 168], [237, 336, 322, 168], [573, 336, 336, 168], [131, 560, 259, 179], [405, 560, 250, 179], [669, 560, 238, 179], [135, 803, 293, 177], [443, 803, 236, 177], [695, 803, 215, 177], [135, 1035, 250, 174], [394, 1035, 250, 174], [658, 1035, 250, 174]]}, {\"measure_ends\": [105.86, 108.78, 111.94, 117.06, 120.28, 123.84, 126.34999999999999, 127.12, 130.40000000000001, 133.47999999999999, 136.59999999999999, 139.75, 142.66999999999999, 145.83000000000001, 149.93000000000001, 153.09999999999999], \"measure_bounds\": [[74, 175, 284, 168], [370, 175, 220, 168], [607, 175, 240, 168], [74, 388, 268, 163], [354, 388, 150, 163], [519, 388, 182, 163], [718, 388, 136, 163], [180, 595, 72, 165], [266, 595, 313, 165], [593, 595, 254, 165], [78, 805, 301, 166], [394, 805, 218, 166], [627, 805, 225, 166], [76, 1018, 259, 166], [350, 1018, 263, 166], [627, 1018, 220, 166]]}, {\"measure_ends\": [156.34999999999999, 159.34999999999999, 162.44999999999999, 171.03999999999999, 173, 177.47999999999999, 183.90000000000001, 189.77000000000001, 192.80000000000001, 196.90000000000001, 199.99000000000001, 203.15000000000001, 205.74000000000001, 208.96000000000001, 212, 215.16, 223.02000000000001, 226.09999999999999, 229.13999999999999, 232.66, 238.66, 241.90000000000001, 244.66, 259.25, 262.57999999999998, 265.81, 268.58999999999997, 271.88999999999999, 274.82999999999998, 277.81, 284.80000000000001, 288.63999999999999, 291.20999999999998, 303.06, 309.83999999999997, null], \"measure_bounds\": [[157, 150, 238, 174], [412, 150, 236, 174], [666, 150, 256, 174], [148, 374, 324, 170], [486, 374, 208, 170], [708, 374, 215, 170], [149, 595, 293, 174], [450, 595, 145, 174], [606, 595, 166, 174], [783, 595, 127, 174], [267, 815, 213, 16], [498, 815, 263, 16], [260, 837, 240, 20], [508, 837, 297, 20], [253, 862, 263, 13], [538, 855, 259, 18], [260, 880, 424, 18], [260, 903, 216, 18], [496, 903, 191, 18], [257, 928, 267, 18], [545, 927, 163, 18], [253, 946, 234, 21], [502, 946, 261, 21], [255, 973, 478, 18], [258, 1014, 213, 18], [491, 1014, 175, 18], [258, 1043, 186, 13], [461, 1043, 233, 13], [260, 1062, 175, 13], [452, 1062, 220, 13], [260, 1084, 327, 16], [257, 1105, 190, 18], [461, 1105, 252, 18], [260, 1130, 456, 13], [255, 1157, 374, 18], [258, 1177, 390, 18]]}]}','score_images/individual/lindsay_auldfrench/music/french_complete.mp3',NULL,NULL,NULL,NULL),(4,192,'{\"pages\": [{\"measure_ends\": [1.3200000000000001, 4.9100000000000001, 8.5199999999999996, 12.109999999999999, 15.66, 19.280000000000001, 23.170000000000002, 26.640000000000001, 30.879999999999999, 35.359999999999999, 38.25, 42.090000000000003, 45.289999999999999, 48.810000000000002, 51.829999999999998, 55.640000000000001, 59.960000000000001, 64.75, 66.680000000000007, 70.409999999999997, 73.019999999999996, 76.790000000000006, 79.680000000000007, 83.379999999999995, 87.129999999999995, 92.109999999999999, 94.870000000000005, 98.859999999999999, 101.81999999999999, 105.3, 107.73999999999999, 111.14, 117.76000000000001, 120.87, 123.27, 126.92, 129.69999999999999, 133.03, 135.93000000000001, 139.44999999999999, 143.97999999999999, 148.08000000000001, 151.05000000000001, 154.25999999999999, 157.52000000000001, 160.97, 163.75999999999999, 167.18000000000001, 172.44, 175.78999999999999, 178.55000000000001, 182.25999999999999, 185.19999999999999, 188.40000000000001, 191.19999999999999, 194.16, 199.88999999999999, 203.33000000000001, 205.97, 209.88, 212.63, 215.75999999999999, 218.81, 222.25, 227.47, 231.28, 233.81999999999999, 237.78, 241.02000000000001, 244.38, 247.09, 251.08000000000001, null], \"measure_bounds\": [[136, 112, 161, 95], [312, 112, 329, 95], [655, 112, 225, 95], [70, 282, 274, 95], [358, 282, 215, 95], [585, 282, 297, 95], [68, 448, 322, 97], [405, 448, 182, 97], [600, 448, 156, 97], [213, 577, 295, 9], [523, 577, 208, 9], [229, 603, 229, 9], [469, 603, 138, 7], [211, 628, 286, 9], [512, 625, 150, 11], [233, 648, 304, 9], [551, 649, 114, 9], [211, 683, 283, 9], [508, 685, 75, 7], [229, 705, 326, 9], [566, 705, 179, 9], [213, 726, 277, 11], [505, 726, 134, 11], [231, 751, 243, 14], [489, 748, 106, 16], [213, 784, 265, 13], [494, 784, 182, 11], [226, 809, 268, 11], [508, 811, 172, 9], [217, 831, 356, 9], [587, 834, 123, 7], [233, 857, 172, 9], [419, 857, 152, 9], [215, 884, 242, 18], [471, 884, 127, 18], [238, 914, 293, 7], [546, 914, 168, 5], [222, 939, 250, 7], [485, 935, 138, 7], [238, 960, 170, 11], [423, 960, 118, 11], [222, 993, 250, 13], [487, 993, 166, 13], [244, 1018, 238, 9], [498, 1016, 190, 7], [222, 1038, 293, 11], [530, 1038, 168, 9], [244, 1067, 182, 5], [437, 1065, 127, 5], [226, 1096, 233, 11], [473, 1097, 113, 9], [238, 1121, 236, 9], [489, 1121, 91, 7], [229, 1144, 243, 9], [487, 1144, 157, 7], [240, 1169, 250, 7], [505, 1167, 120, 9], [222, 1199, 197, 11], [431, 1199, 156, 11], [240, 1224, 236, 9], [491, 1224, 165, 9], [231, 1250, 211, 7], [457, 1248, 122, 7], [244, 1273, 175, 7], [433, 1273, 111, 5], [228, 1303, 208, 9], [449, 1305, 136, 7], [247, 1328, 233, 9], [494, 1326, 161, 9], [226, 1350, 168, 14], [406, 1350, 132, 11], [247, 1375, 190, 9], [451, 1375, 100, 9]]}]}','score_images/individual/lindsay_auldbrysson/music/brysson.mp3',NULL,NULL,NULL,NULL);
/*!40000 ALTER TABLE `Augnotes` ENABLE KEYS */;
UNLOCK TABLES;

--
-- Table structure for table `Collection`
--

DROP TABLE IF EXISTS `Collection`;
/*!40101 SET @saved_cs_client     = @@character_set_client */;
/*!40101 SET character_set_client = utf8 */;
CREATE TABLE `Collection` (
  `id` int(10) unsigned NOT NULL AUTO_INCREMENT,
  `title` varchar(150) DEFAULT NULL,
  `year` int(10) unsigned DEFAULT NULL,
  `info` longtext,
  `date_added` timestamp NULL DEFAULT CURRENT_TIMESTAMP,
  `ref_id` varchar(45) DEFAULT NULL,
  PRIMARY KEY (`id`),
  UNIQUE KEY `id_UNIQUE` (`id`)
) ENGINE=InnoDB AUTO_INCREMENT=4 DEFAULT CHARSET=utf8;
/*!40101 SET character_set_client = @saved_cs_client */;

--
-- Dumping data for table `Collection`
--

LOCK TABLES `Collection` WRITE;
/*!40000 ALTER TABLE `Collection` DISABLE KEYS */;
INSERT INTO `Collection` VALUES (1,'The Scottish Minstrel (Volumes 1 and 2)',0,NULL,'2015-12-04 17:49:32','scottishminstrel_volonetwo'),(2,'The Scottish Minstrel (Volumes 3 and 4)',0,NULL,'2015-12-04 17:51:46','scottishminstrel_volthreefour'),(3,'The Scottish Minstrel (Volumes 5 and 6)',0,NULL,'2015-12-04 17:53:15','scottishminstrel_volfivesix');
/*!40000 ALTER TABLE `Collection` ENABLE KEYS */;
UNLOCK TABLES;

--
-- Table structure for table `Collection_has_Score`
--

DROP TABLE IF EXISTS `Collection_has_Score`;
/*!40101 SET @saved_cs_client     = @@character_set_client */;
/*!40101 SET character_set_client = utf8 */;
CREATE TABLE `Collection_has_Score` (
  `Collection_id` int(10) unsigned NOT NULL,
  `Score_id` int(10) unsigned NOT NULL,
  `date_added` timestamp NULL DEFAULT CURRENT_TIMESTAMP,
  `index_start` int(11) DEFAULT NULL COMMENT 'The id of the page, as in the three digit number at the end of the filename that starts the music',
  `page_start` int(11) DEFAULT NULL COMMENT 'The actual page number that appears on the page if one is listed',
  PRIMARY KEY (`Collection_id`,`Score_id`),
  KEY `fk_Collection_has_Score_Score1_idx` (`Score_id`),
  KEY `fk_Collection_has_Score_Collection1_idx` (`Collection_id`),
  CONSTRAINT `fk_Collection_has_Score_Collection1` FOREIGN KEY (`Collection_id`) REFERENCES `Collection` (`id`) ON DELETE NO ACTION ON UPDATE NO ACTION,
  CONSTRAINT `fk_Collection_has_Score_Score1` FOREIGN KEY (`Score_id`) REFERENCES `Score` (`id`) ON DELETE NO ACTION ON UPDATE NO ACTION
) ENGINE=InnoDB DEFAULT CHARSET=utf8;
/*!40101 SET character_set_client = @saved_cs_client */;

--
-- Dumping data for table `Collection_has_Score`
--

LOCK TABLES `Collection_has_Score` WRITE;
/*!40000 ALTER TABLE `Collection_has_Score` DISABLE KEYS */;
INSERT INTO `Collection_has_Score` VALUES (1,1,'2015-12-04 17:49:32',6,NULL),(1,2,'2015-12-04 17:49:32',6,NULL),(1,3,'2015-12-04 17:49:32',7,NULL),(1,4,'2015-12-04 17:49:33',8,NULL),(1,5,'2015-12-04 17:49:33',8,NULL),(1,6,'2015-12-04 17:49:33',10,NULL),(1,7,'2015-12-04 17:49:33',11,NULL),(1,8,'2015-12-04 17:49:33',12,NULL),(1,9,'2015-12-04 17:49:33',13,NULL),(1,10,'2015-12-04 17:49:33',14,NULL),(1,11,'2015-12-04 17:49:33',15,NULL),(1,12,'2015-12-04 17:49:33',16,NULL),(1,13,'2015-12-04 17:49:33',17,NULL),(1,14,'2015-12-04 17:49:33',17,NULL),(1,15,'2015-12-04 17:49:33',19,NULL),(1,16,'2015-12-04 17:49:33',20,NULL),(1,17,'2015-12-04 17:49:33',21,NULL),(1,18,'2015-12-04 17:49:33',22,NULL),(1,19,'2015-12-04 17:49:33',24,NULL),(1,20,'2015-12-04 17:49:33',25,NULL),(1,21,'2015-12-04 17:49:33',26,NULL),(1,22,'2015-12-04 17:49:33',27,NULL),(1,23,'2015-12-04 17:49:33',28,NULL),(1,24,'2015-12-04 17:49:33',29,NULL),(1,25,'2015-12-04 17:49:34',29,NULL),(1,26,'2015-12-04 17:49:34',31,NULL),(1,27,'2015-12-04 17:49:34',33,NULL),(1,28,'2015-12-04 17:49:34',34,NULL),(1,29,'2015-12-04 17:49:34',35,NULL),(1,30,'2015-12-04 17:49:34',35,NULL),(1,31,'2015-12-04 17:49:34',37,NULL),(1,32,'2015-12-04 17:49:34',38,NULL),(1,33,'2015-12-04 17:49:34',39,NULL),(1,34,'2015-12-04 17:49:34',40,NULL),(1,35,'2015-12-04 17:49:34',41,NULL),(1,36,'2015-12-04 17:49:34',42,NULL),(1,37,'2015-12-04 17:49:34',43,NULL),(1,38,'2015-12-04 17:49:34',45,NULL),(1,39,'2015-12-04 17:49:34',46,NULL),(1,40,'2015-12-04 17:49:34',47,NULL),(1,41,'2015-12-04 17:49:34',48,NULL),(1,42,'2015-12-04 17:49:34',49,NULL),(1,43,'2015-12-04 17:49:34',49,NULL),(1,44,'2015-12-04 17:49:34',51,NULL),(1,45,'2015-12-04 17:49:34',51,NULL),(1,46,'2015-12-04 17:49:35',53,NULL),(1,47,'2015-12-04 17:49:35',54,NULL),(1,48,'2015-12-04 17:49:35',55,NULL),(1,49,'2015-12-04 17:49:35',56,NULL),(1,50,'2015-12-04 17:49:35',57,NULL),(1,51,'2015-12-04 17:49:35',58,NULL),(1,52,'2015-12-04 17:49:35',59,NULL),(1,53,'2015-12-04 17:49:35',60,NULL),(1,54,'2015-12-04 17:49:35',60,NULL),(1,55,'2015-12-04 17:49:35',62,NULL),(1,56,'2015-12-04 17:49:35',63,NULL),(1,57,'2015-12-04 17:49:35',63,NULL),(1,58,'2015-12-04 17:49:35',65,NULL),(1,59,'2015-12-04 17:49:35',66,NULL),(1,60,'2015-12-04 17:49:35',66,NULL),(1,61,'2015-12-04 17:49:35',68,NULL),(1,62,'2015-12-04 17:49:35',68,NULL),(1,63,'2015-12-04 17:49:35',70,NULL),(1,64,'2015-12-04 17:49:35',71,NULL),(1,65,'2015-12-04 17:49:35',72,NULL),(1,66,'2015-12-04 17:49:35',73,NULL),(2,67,'2015-12-04 17:51:46',6,NULL),(2,68,'2015-12-04 17:51:47',7,NULL),(2,69,'2015-12-04 17:51:47',8,NULL),(2,70,'2015-12-04 17:51:47',9,NULL),(2,71,'2015-12-04 17:51:47',10,NULL),(2,72,'2015-12-04 17:51:47',10,NULL),(2,73,'2015-12-04 17:51:47',12,NULL),(2,74,'2015-12-04 17:51:47',13,NULL),(2,75,'2015-12-04 17:51:47',15,NULL),(2,76,'2015-12-04 17:51:47',16,NULL),(2,77,'2015-12-04 17:51:47',16,NULL),(2,78,'2015-12-04 17:51:47',18,NULL),(2,79,'2015-12-04 17:51:47',19,NULL),(2,80,'2015-12-04 17:51:47',20,NULL),(2,81,'2015-12-04 17:51:48',21,NULL),(2,82,'2015-12-04 17:51:48',22,NULL),(2,83,'2015-12-04 17:51:48',23,NULL),(2,84,'2015-12-04 17:51:48',24,NULL),(2,85,'2015-12-04 17:51:48',25,NULL),(2,86,'2015-12-04 17:51:48',26,NULL),(2,87,'2015-12-04 17:51:48',27,NULL),(2,88,'2015-12-04 17:51:48',27,NULL),(2,89,'2015-12-04 17:51:48',29,NULL),(2,90,'2015-12-04 17:51:48',30,NULL),(2,91,'2015-12-04 17:51:48',31,NULL),(2,92,'2015-12-04 17:51:48',32,NULL),(2,93,'2015-12-04 17:51:48',33,NULL),(2,94,'2015-12-04 17:51:48',33,NULL),(2,95,'2015-12-04 17:51:48',35,NULL),(2,96,'2015-12-04 17:51:48',37,NULL),(2,97,'2015-12-04 17:51:48',38,NULL),(2,98,'2015-12-04 17:51:49',38,NULL),(2,99,'2015-12-04 17:51:49',40,NULL),(2,100,'2015-12-04 17:51:49',41,NULL),(2,101,'2015-12-04 17:51:49',41,NULL),(2,102,'2015-12-04 17:51:49',43,NULL),(2,103,'2015-12-04 17:51:49',44,NULL),(2,104,'2015-12-04 17:51:49',44,NULL),(2,105,'2015-12-04 17:51:49',46,NULL),(2,106,'2015-12-04 17:51:49',47,NULL),(2,107,'2015-12-04 17:51:49',48,NULL),(2,108,'2015-12-04 17:51:49',48,NULL),(2,109,'2015-12-04 17:51:49',50,NULL),(3,110,'2015-12-04 17:53:15',8,NULL),(3,111,'2015-12-04 17:53:15',9,NULL),(3,112,'2015-12-04 17:53:15',11,NULL),(3,113,'2015-12-04 17:53:15',12,NULL),(3,114,'2015-12-04 17:53:15',14,NULL),(3,115,'2015-12-04 17:53:15',15,NULL),(3,116,'2015-12-04 17:53:15',15,NULL),(3,117,'2015-12-04 17:53:15',17,NULL),(3,118,'2015-12-04 17:53:15',18,NULL),(3,119,'2015-12-04 17:53:16',19,NULL),(3,120,'2015-12-04 17:53:16',20,NULL),(3,121,'2015-12-04 17:53:16',21,NULL),(3,122,'2015-12-04 17:53:16',22,NULL),(3,123,'2015-12-04 17:53:16',23,NULL),(3,124,'2015-12-04 17:53:16',24,NULL),(3,125,'2015-12-04 17:53:16',25,NULL),(3,126,'2015-12-04 17:53:17',26,NULL),(3,127,'2015-12-04 17:53:17',27,NULL),(3,128,'2015-12-04 17:53:17',28,NULL),(3,129,'2015-12-04 17:53:17',28,NULL),(3,130,'2015-12-04 17:53:17',31,NULL),(3,131,'2015-12-04 17:53:17',32,NULL),(3,132,'2015-12-04 17:53:17',33,NULL),(3,133,'2015-12-04 17:53:17',34,NULL),(3,134,'2015-12-04 17:53:17',35,NULL),(3,135,'2015-12-04 17:53:18',36,NULL),(3,136,'2015-12-04 17:53:18',37,NULL),(3,137,'2015-12-04 17:53:18',38,NULL),(3,138,'2015-12-04 17:53:18',39,NULL),(3,139,'2015-12-04 17:53:18',41,NULL),(3,140,'2015-12-04 17:53:18',41,NULL),(3,141,'2015-12-04 17:53:19',43,NULL),(3,142,'2015-12-04 17:53:19',43,NULL),(3,143,'2015-12-04 17:53:19',44,NULL),(3,144,'2015-12-04 17:53:19',45,NULL),(3,145,'2015-12-04 17:53:19',46,NULL),(3,146,'2015-12-04 17:53:19',47,NULL),(3,147,'2015-12-04 17:53:19',48,NULL),(3,148,'2015-12-04 17:53:19',48,NULL),(3,149,'2015-12-04 17:53:19',50,NULL),(3,150,'2015-12-04 17:53:19',51,NULL),(3,151,'2015-12-04 17:53:19',52,NULL);
/*!40000 ALTER TABLE `Collection_has_Score` ENABLE KEYS */;
UNLOCK TABLES;

--
-- Table structure for table `Publisher`
--

DROP TABLE IF EXISTS `Publisher`;
/*!40101 SET @saved_cs_client     = @@character_set_client */;
/*!40101 SET character_set_client = utf8 */;
CREATE TABLE `Publisher` (
  `id` int(10) unsigned NOT NULL AUTO_INCREMENT,
  `name` varchar(100) DEFAULT NULL,
  `city` varchar(50) DEFAULT NULL COMMENT 'The publisher''s location',
  `start_year` int(10) unsigned DEFAULT NULL COMMENT '(not available from current data) the beginning year of the publisher',
  `end_year` int(10) unsigned DEFAULT NULL COMMENT '(not available from current data) The publisher''s final active year.',
  `description` longtext COMMENT '(not available from current metadata) A description of the publisher - only really makes sense for very famous publishers.',
  `description_sources` mediumtext,
  `address` tinytext,
  `date_added` timestamp NULL DEFAULT CURRENT_TIMESTAMP,
  PRIMARY KEY (`id`),
  UNIQUE KEY `p_key_UNIQUE` (`id`)
) ENGINE=InnoDB AUTO_INCREMENT=80 DEFAULT CHARSET=utf8;
/*!40101 SET character_set_client = @saved_cs_client */;

--
-- Dumping data for table `Publisher`
--

LOCK TABLES `Publisher` WRITE;
/*!40000 ALTER TABLE `Publisher` DISABLE KEYS */;
INSERT INTO `Publisher` VALUES (1,'Robert Purdie','Edinburgh',NULL,NULL,NULL,NULL,NULL,'2015-12-04 17:49:32'),(2,'T. Birch','New York',NULL,NULL,NULL,NULL,NULL,'2015-12-04 17:53:48'),(3,'D\'Almaine & Co.','London',NULL,NULL,NULL,NULL,NULL,'2015-12-04 17:53:49'),(4,'Goulding & Co.','London',NULL,NULL,NULL,NULL,NULL,'2015-12-04 17:53:49'),(5,'Cramer, Wood & Co.','London',NULL,NULL,NULL,NULL,NULL,'2015-12-04 17:53:49'),(6,'Lamborn Cock & Co.','London',NULL,NULL,NULL,NULL,NULL,'2015-12-04 17:53:49'),(7,'Ashdown & Parry','London',NULL,NULL,NULL,NULL,NULL,'2015-12-04 17:53:49'),(8,'J. Fischer & Bro.','USA',NULL,NULL,NULL,NULL,NULL,'2015-12-04 17:53:49'),(9,'Boosey & Co.','London',NULL,NULL,NULL,NULL,NULL,'2015-12-04 17:53:49'),(10,'George Willig','Philadelphia',NULL,NULL,NULL,NULL,NULL,'2015-12-04 17:53:49'),(11,'J. E. Gould','Philadelphia',NULL,NULL,NULL,NULL,NULL,'2015-12-04 17:53:49'),(12,'F. Riley','New York',NULL,NULL,NULL,NULL,NULL,'2015-12-04 17:53:49'),(13,'R. Major','London',NULL,NULL,NULL,NULL,NULL,'2015-12-04 17:53:49'),(14,'George Willig Jr.','Baltimore',NULL,NULL,NULL,NULL,NULL,'2015-12-04 17:53:50'),(15,'Chappell & Co.','London',1811,1968,'<p>Considered the longest-established music publishing company in London, England, Chappell & Co. was founded in 1811 by Samuel Chappell, Johann Baptiste Cramer, and Francis Tatton Latour. The business succeeded Goulding & Co. at London’s 124 New Bond Street location, and became one of Britain’s leading publishers of popular ballads and light operas. The firm saw substantial demand for music publishing, especially in the genre of educational music, and consequently did much to foster taste for first-rate chamber music among the middle classes of London. The business was not limited to publishing, however, as it also manufactured pianos from the period between 1840 and 1971. Equally important to the firm’s success was its frequent involvement in concert production and promotion. In 1813, the firm played a leading part in the creation of the Philharmonic Society.</p>\n\n<p>In 1826, Cramer withdrew from the business, as well Latour who established his own company and kept the original firm’s 50 New Bond Street location. The original firm continued under Samuel Chappell, who moved to 135 New Bond Street in partnership with G. Longman and T. C. Bates. Interestingly, both the publishing houses of Chappell and Latour placed their plate numbers in the bottom left-hand corner of their sheet music, as opposed to the usual bottom-middle of the page. Chappell eventually took over both the premises and stock of Latour right before his own death in 1834.</p>\n\n<p>After his death, Chappell’s business continued under the care of his widow, Emily, and his sons, Thomas and William, simply as “Chappell’s.” William Chappell maintained musical influence and founded the Musical Antiquarian Society in 1840, in addition to publishing the “Popular Music of the Olden Time.” In 1844, William left the business to form his own with several other partners and named his company, “Cramer, Beale & Chappell.”</p>\n\n<p>Samuel Chappell remained with his father’s business and, in 1856, renamed it as “Chappell & Co.” During the second half of the 19th century, Chappell & Co. published large quantities of dance music and many vocal scores of musical comedies. More specifically, the company was known for publishing the Savoy operas of Gilbert and Sullivan, as well as its possession of the copyright to Gounod’s Faust. The business’ fortunes, however, declined at the end of the nineteenth century until 1894 when William Boosey, who would become the business’ managing director in 1902, was engaged to run ballad concerts, allowing for the firm’s recovery. During the period from 1859-1903, the firm was responsible for the famous Saturday and Monday ‘Pops Concerts’ at London’s St. James Hall, which was a reoccurring program that featured the first miscellaneous character of classical chamber music.</p>\n\n<p>As a result of the company’s continued success, it was able to expand to international audiences. In 1904, an Australian branch opened, and a New York branch was established in 1906 under Max Dreyfus, making Chappell & Co. the leading publisher of show music on both sides of the Atlantic.</p>\n\n<p>On May 6, 1964, a destructive fire at the 50 New Bond Street location caused extensive damage to the London branch. After the business rebuilt, they continued and officially became the longest-established music publishers in London. The Philips company bought both the American and British branches in 1968, shifting the emphasis of publishing to rock and popular music until 1987, when the business was officially bought by Warner Communications.</p>','Brown, James Duff. <i>Biographical Dictionary of Musicians: With a Bibliography of English Writings on Music.</i> London: Alexander Gardner, 1886.~Humphries, Charles and William C. Smith. <i>Music Publishing in the British Isles from the Beginning to the Middle of the Nineteenth Century.</i> Edinburgh: T. & A. Constable LTD, 1970.~Neighbor, Oliver Wray and Alan Tyson. <i>English Music Publishers\' Plate Numbers in the First Half of the Nineteenth Century.</i> London: Faber and Faber, 1965.~Parkinson, John A. <i>Victorian Music Publishers: An Annotated List.</i> Warren, Michigan: Harmonie Park Press, 1990.~Sadie, Stanley, ed. <i>The New Grove Dictionary of Music and Musicians.</i> 2nd ed. New York: Macmillan Publishers LTD, 2001.~Simpson, Harold. <i>A Century of Ballads, 1810-1910: Their Composers and Singers.</i> London: Mills & Boone LTD, 1910.','124 New Bond Street; 50 New Bond Street; 135 New Bond Street','2015-12-04 17:53:51'),(16,'C. Bradlee','Boston',NULL,NULL,NULL,NULL,NULL,'2015-12-04 17:53:51'),(17,'Oliver Diston','Boston',NULL,NULL,NULL,NULL,NULL,'2015-12-04 17:53:51'),(18,'John Cole','Baltimore',NULL,NULL,NULL,NULL,NULL,'2015-12-04 17:53:51'),(19,'Birchall & Co.','London',NULL,NULL,NULL,NULL,NULL,'2015-12-04 17:53:52'),(20,'Gustav Scheurmann & Co.','London',NULL,NULL,NULL,NULL,NULL,'2015-12-04 17:53:53'),(21,'Lee & Walker','Philadelphia',NULL,NULL,NULL,NULL,NULL,'2015-12-04 17:53:53'),(22,'Nelson','London',NULL,NULL,NULL,NULL,NULL,'2015-12-04 17:53:54'),(23,'Alexander Robertson','Edinburgh',NULL,NULL,NULL,NULL,NULL,'2015-12-04 17:53:54'),(24,'Stephen Marsh','Boston',NULL,NULL,NULL,NULL,NULL,'2015-12-04 17:53:54'),(25,'William Hall & Son','New York',NULL,NULL,NULL,NULL,NULL,'2015-12-04 17:53:55'),(26,'Jefferys & Co.','London',NULL,NULL,NULL,NULL,NULL,'2015-12-04 17:53:55'),(27,'Willis & Co.','London',NULL,NULL,NULL,NULL,NULL,'2015-12-04 17:53:55'),(28,'Metzler & Co.','London',NULL,NULL,NULL,NULL,NULL,'2015-12-04 17:53:55'),(29,'Robert Tempest','USA',NULL,NULL,NULL,NULL,NULL,'2015-12-04 17:53:55'),(30,'Cramer, Addison, & Beale','London',NULL,NULL,NULL,NULL,NULL,'2015-12-04 17:53:55'),(31,'T. Welsh','London',NULL,NULL,NULL,NULL,NULL,'2015-12-04 17:53:55'),(32,'Z. T. Purday','London',NULL,NULL,NULL,NULL,NULL,'2015-12-04 17:53:55'),(33,'Elizabeth Rhames','Dublin',NULL,NULL,NULL,NULL,NULL,'2015-12-04 17:53:55'),(34,'J. Brysson',NULL,NULL,NULL,NULL,NULL,NULL,'2015-12-04 17:53:55'),(35,'W. Dubois','New York',NULL,NULL,NULL,NULL,NULL,'2015-12-04 17:53:56'),(36,'Longman and Broderip','London',NULL,NULL,NULL,NULL,NULL,'2015-12-04 17:53:56'),(37,'Robert Cocks & Co.','London',1823,1962,'<p>Born in 1798, Robert Cocks was one of the most important London-based music publishers of the 19th century, and started his own firm in 1823. In some ways, Cocks was considered Victorian worthy, as he had a royal patronage that presumably included Queen Victoria and Emperor Napoleon III. The firm’s 6 New Burlington Street address, which was occupied by the company from about 1845-1898, was the late possession of the Countess Dowager of Cork and Orrery.</p> \n\n<p>At the outset of his career, Cocks was very involved in concert management and had a long association with the Hanover Square Rooms, which were known as the Queen’s Concert Rooms for musical performances in Hanover Square, London. The business gained much profit from instruction books, text books, catechisms, and teaching pieces. As a result, Cocks used these profits to endow churches and build almshouses in his native Norfolk.</p>\n\n<p>During its time, the firm published nearly 16,000 musical works and managed a large circulating music library. Some of the works included in this library were those by Bach, Beethoven, Czerny, Strauss, Lanner, and Labitzky. The catalogue also maintained some contemporary English music, as well as a number of musical methods and books. Cocks also maintained a short-lived music periodical from 1850-1853, titled “Cock’s Musical Miscellany.” The periodical contained original notices of Beethoven by Czerny and was frequently compiled and edited by resident foreign musicians whom Cocks employed.</p>\n\n<p>In 1868, Cocks took his two sons, Arthur and Stroud, as partners. He then retired in 1881 and eventually passed away in 1887. After his death, Cocks’ grandson, Robert M. Cocks, became the proprietor and continued the business until 1898. The stock was then sold to Augener, a firm known for its practical editions of classical music. The copyrights of Cocks’ stock were auctioned for 40,000 pounds, the most expensive item being Mascheroni’s For All Eternity, which sold for 2,240 pounds itself. Augener retained the name of the firm until 1904, but did not adopt the new royalty system. As a result, it was one of the first firms to exploit the Victorian ballad until it was taken over by the firm of Galliard in 1962.</p>','Humphries, Charles, and William C. Smith. <i>Music Publishing in the British Isles from the Beginning until the Middle of the Nineteenth Century.</i> Edinburgh: T. & A. Constable LTD, 1970.~Krummel, D.W., and Stanley Sadie, ed. <i>Music Publishing and Printing.</i> New York: W.W. Norton & Company, 1980.~Parkinson, John A. <i>Victorian Music Publishers: An Annotated List.</i> Warren, Michigan: Harmonie Park Press, 1990.~Sadie, Stanley, ed. <i>The New Grove Dictionary of Music and Musicians.</i> 2nd ed. New York: Macmillan Publishers LTD, 2001.','20 Princes; 6 New Burlington Street; 4 Hanover Square','2015-12-04 17:53:56'),(38,'Atwill\'s Music Saloon','New York',NULL,NULL,NULL,NULL,NULL,'2015-12-04 17:53:56'),(39,'Thomas Moore, Esq.','Providence',NULL,NULL,NULL,NULL,NULL,'2015-12-04 17:53:56'),(40,'Addison & Hodson','London',NULL,NULL,NULL,NULL,NULL,'2015-12-04 17:53:56'),(41,'Oliver Ditson','Boston',1835,1931,'<p>Founded in Boston, MA in 1835 by American businessman, Oliver Ditson (1811-1888), Oliver Ditson & Co. functioned as the major American music publishing house during the late 19th Century. In its day, the company could lay claim to being the oldest continuous American music publishing house, tracing its roots to the firm of Ebenezer Battelle, who opened the Boston Book Store in 1783 and shortly afterwards began selling music on the side. In 1835, Oliver Ditson began his own publishing firm in the same building as The Boston Book Store, which was then owned by Samuel H. Parker, who was one of the store’s first owners to publish music. Ditson had previously served as an apprentice to Parker in the period between 1823 to 1826. In 1836, Parker and Ditson became partners in the firm of Parker & Ditson, which later dissolved in 1842. Ditson acquired remaining interest in the company. Three years later, Ditson partnered with John C. Haynes, with whom he opened Oliver Ditson & Co. in 1857.</p>\n\n<p>During the 1840s and 50s, the company’s catalog ranged from non-copyright music by major European composers to virtually all types of popular song. Some of these songs included the famous “Darling Nelly Gray” (1856) and “Jingle Bells” (1859). One of the company’s greatest successes in publishing original American material was with the Hutchinson Family, most of whose songs bore the Ditson imprint. The company’s influence also expanded into European markets. In 1858, Ditson purchased Dwight’s Journal of Music, retaining the journal’s founder, John Sullivan Dwight, as its editor. The journal advocated European musical taste and formal music education. This made the publication attractive to European audiences, allowing Ditson to become the U.S. agent for numerous European publishers.</p>\n\n<p>Ditson’s preeminence among the nation’s music publishers was evidenced by fact that he served as the Board of Music Trade’s first president in 1856. This board was established in 1855 to address problems of piracy and under-pricing. The business survived the American Civil War by quietly assembling a thorough collection of nondescript and sentimental parlor songs. What followed was as a period of vast expansion, during which the company bought other publishers, starting first with minor firms and then gradually acquiring larger ones. Some of the firms acquired by Ditson included: Firth, Son & Co. of New York in 1867; Miller & Beacham of Baltimore in 1873; William Hall & Son of New York in 1875; Lee & Walker of Philadelphia in 1875; G. D. Russell & Co. of Boston in 1877; J. L. Peters of New York in 1877; G. André of Philadelphia in 1879; and F. A. North & Co. of Philadelphia in 1890. Ditson also financially invested in many significant American publishers, such as John Church Jr. in Cincinnati in 1860 and Lyon & Healy in Chicago in 1864. Through his vast acquisition of firms, Ditson inherited the catalogues of earlier firms, along with locations for branches to be operated by his sons, Charles H. Ditson in New York in 1867, and James Edward Ditson in Philadelphia in 1875.</p>\n\n<p>By the time the Board of Music Trade established its complete catalogue in 1871, just under half of its 100,000 titles identified Ditson as publisher. The firm also released a music periodical titled, Ditson & Co.’s Musical Record during the years 1878, 1879, and 1900, eventually acquiring The Musician in 1905. By 1900, Ditson & Co. was the country’s largest music publisher, with a catalogue of over 100,000 titles that included 45,000 vocal works, 4,000 octavos, 48,000 instrumental editions, and 3000 books. It was around the same year, however, that the business was criticized for neglecting ambitious music. As a result, Ditson hired William Arms Fisher whose guidance steered the firm towards favoring an increasingly eclectic repertory of art music packaged not as sheet music, but in anthologies.</p>\n\n<p>After Ditson’s death in 1888, the American music publishing industry experienced a rise of New York-based publishers with a narrower concentration on popular music and newer promotional techniques based on connections with professional performance. The company remained in Boston, tied to a wide-ranging, non-specialist catalog. It also remained associated with more old-fashioned ideas of advertising and retail. As a result, Oliver Ditson & Co. fell behind in popular music publishing and moved increasingly into classical and church music, as well as musical education. The company’s catalog was officially purchased by Theodore Presser in 1931.</p>','Horn, David, ed. <i>Continuum Encyclopedia of Popular Music of the World.</i> EBSCOhos, 2003.~Krummel, D.W., and Stanley Sadie, ed. <i>Music Publishing and Printing.</i> New York: W.W. Norton & Company, 1980.~Sadie, Stanley, ed. <i>The New Grove Dictionary of Music and Musicians.</i> 2nd ed. New York: Macmillan Publishers LTD, 2001.','107 Washington Street; 115 Washington Street; 277 Washington Street','2015-12-04 17:53:56'),(42,'James Powers','London',NULL,NULL,NULL,NULL,NULL,'2015-12-04 17:53:56'),(43,'George P. Reed','Boston',NULL,NULL,NULL,NULL,NULL,'2015-12-04 17:53:56'),(44,'Firth, Hall & Pond','New York',1832,1941,'<p>Firth, Hall & Pond was an American firm of music publishers and sellers that was established in 1832, and based its proceedings out its office on 1 Franklin St. in New York. The firm was among the most important of American music publishers as it imported a wide variety of musical goods and made woodwind and brass instruments, in addition to pianos and guitars. Although the firm functioned as one of the few American businesses to publish European classical music, it also published material for the church, home, concert halls, schools and military bands. Some better known composers that the firm published include Gottschalk, H.C. Work, Stephen Foster, and Christy’s Minstrels which allowed their works to reach an international audience.</p>\n\n<p>The principal partners of the firm included John Firth, William Hall, and Sylvanus Billings Pond. Firth emigrated from Yorkshire to Albany in 1810, where he learned how to make flutes from Edward Riley, and later met Hall who worked for Riley in 1812 after apprenticing as an instrument maker in Albany. Pond was also established in Albany with his own independent music business. Hall and Firth formed a partnership in 1820 at 362 Pearl Street in Albany. During the first ten years of their firm’s existence, the firm of Firth & Hall reissued a huge amount of music from plates engraved for a number of earlier publishers. In addition to commencing new business with old plates, it was a common practice for active and prosperous publishers to absorbing the usable titles of retiring or defunct publishers into their catalogs.</p>\n\n<p>It wasn’t until 1832 when they were joined by Pond and moved to their Franklin Square address. The company was also associated with the address of 239 Broadway, where they held a musical warehouse. Pond took a brief hiatus from the partnership during the period of 1833-1837. His name appears in company records again in 1842.</p>\n\n<p>In 1848, William Hall broke with partners Firth and Pond, disbanding the New York-based company and establishing his own firm of William Hall & Son. This resulted in the creation of Firth, Pond & Company which continued to publish sheet music and distributed musical instruments until 1850 when Sylvanus Pond retired and was succeeded by his son, William A. Pond. It wasn’t until 1863, however, that John Firth withdrew, taking some copyrights with him to establish his own firm of Firth, Son & Co with his son, Thaddeus Firth. The firm remained associated with the address of 563 Broadway until it was purchased by music publisher, Oliver Ditson, in 1867.</p>\n\n<p>Many of the copyrights from Firth, Pond & Company remained with William A. Pond, who formed William A. Pond & Co. with John Mayell during that same year. Pond died in 1885, but the firm remained in New York until 1934 until it moved to Ridgefield Park, New Jersey under Joseph A. Fletcher.</p>','Arnold, Dennis, ed. <i>The New Oxford Companion to Music.</i> Oxford: Oxford University Press, 1983.~Dichter, Harry and Elliott Shapiro. <i>Handbook of Early American Sheet Music 1768-1889.</i> New York: Dover Publications, Inc., 1977~Gooch, Bryan N. S., and David S. Thatcher, ed. <i>Musical Settings of British Romantic Literature: A Catalogue.</i> New York: Garland Publishing, Inc., 1982.~Sadie, Stanley, ed. <i>The New Grove Dictionary of Music and Musicians.</i> 2nd ed. New York: Macmillan Publishers LTD, 2001.~Wolfe, Richard J. <i>Early American Music Engraving and Printing: A History of Music Publishing in America from 1787 to 1825 with COmmentary on Earlier and Later Practices.</i> Urbana: University of Illinois Press, 1980.','1 Franklin Street; 239 Broadway','2015-12-04 17:53:56'),(45,'E. Riley & Co.','New York',NULL,NULL,NULL,NULL,NULL,'2015-12-04 17:53:57'),(46,'Music Supply Co.','Bendigo',NULL,NULL,NULL,NULL,NULL,'2015-12-04 17:53:57'),(47,'Leader & Cock','London',NULL,NULL,NULL,NULL,NULL,'2015-12-04 17:53:57'),(48,'Chappell\'s Musical Circulating Library','London',NULL,NULL,NULL,NULL,NULL,'2015-12-04 17:53:57'),(49,'Fiot, Meignen & Co.','Philadelphia',NULL,NULL,NULL,NULL,NULL,'2015-12-04 17:53:57'),(50,'Charles Sheard & Co.','London',NULL,NULL,NULL,NULL,NULL,'2015-12-04 17:53:57'),(51,'Henry McCaffrey','Baltimore',NULL,NULL,NULL,NULL,NULL,'2015-12-04 17:53:57'),(52,'Parker & Ditson','Boston',NULL,NULL,NULL,NULL,NULL,'2015-12-04 17:53:57'),(53,'Chappell Music','London',NULL,NULL,NULL,NULL,NULL,'2015-12-04 17:53:57'),(54,'McKinley Music Co.','Chicago & New York',NULL,NULL,NULL,NULL,NULL,'2015-12-04 17:53:57'),(55,'Firth, Pond & Co.','New York',NULL,NULL,NULL,NULL,NULL,'2015-12-04 17:53:57'),(56,'James L. Hewitt','New York',NULL,NULL,NULL,NULL,NULL,'2015-12-04 17:53:57'),(57,'Henry Prentiss','Boston',NULL,NULL,NULL,NULL,NULL,'2015-12-04 17:53:57'),(58,'Nathan Richardson at the Musical Exchange','Boston',NULL,NULL,NULL,NULL,NULL,'2015-12-04 17:53:58'),(59,'Cramer, Beale & Co.','London',NULL,NULL,NULL,NULL,NULL,'2015-12-04 17:53:58'),(60,'F. D. Benteen','Baltimore',NULL,NULL,NULL,NULL,NULL,'2015-12-04 17:53:58'),(61,'Wm. A Pond & Co.','New York',NULL,NULL,NULL,NULL,NULL,'2015-12-04 17:53:58'),(62,'Lee & Walker',NULL,NULL,NULL,NULL,NULL,NULL,'2015-12-04 17:53:58'),(63,'E. Ferrett & Co.','New York',NULL,NULL,NULL,NULL,NULL,'2015-12-04 17:53:58'),(64,'John F. Nunns','Philadelphia',NULL,NULL,NULL,NULL,NULL,'2015-12-04 17:53:58'),(65,'Patterson & Sons','Edinburgh',NULL,NULL,NULL,NULL,NULL,'2015-12-04 17:53:58'),(66,'Edwin Ashdown','London',NULL,NULL,NULL,NULL,NULL,'2015-12-04 17:53:58'),(67,'Mori & Lavenu','London',NULL,NULL,NULL,NULL,NULL,'2015-12-04 17:53:58'),(68,'Joseph Williams Ltd.','London',NULL,NULL,NULL,NULL,NULL,'2015-12-04 17:53:58'),(69,'G. Schirmer','New York',NULL,NULL,NULL,NULL,NULL,'2015-12-04 17:53:58'),(70,'J. Curwen & Sons Ltd.','London',NULL,NULL,NULL,NULL,NULL,'2015-12-04 17:53:59'),(71,'Elkin & Co., Ltd.','New York',NULL,NULL,NULL,NULL,NULL,'2015-12-04 17:53:59'),(72,'Galaxy Music Corp.','New York',NULL,NULL,NULL,NULL,NULL,'2015-12-04 17:53:59'),(73,'The B. F. Wood Music Co.','Boston',NULL,NULL,NULL,NULL,NULL,'2015-12-04 17:53:59'),(74,'Ira C. Stockbridge','Portland, ME',NULL,NULL,NULL,NULL,NULL,'2015-12-04 17:53:59'),(75,'Augener & Co.','London',NULL,NULL,NULL,NULL,NULL,'2015-12-04 17:53:59'),(76,'Hewitt & Jaques','New York',NULL,NULL,NULL,NULL,NULL,'2015-12-04 17:53:59'),(77,'Charles Jefferys','London',NULL,NULL,NULL,NULL,NULL,'2015-12-04 17:53:59'),(78,'William Reeves','London',NULL,NULL,NULL,NULL,NULL,'2015-12-04 17:54:00'),(79,'Novello & Company','London',NULL,NULL,NULL,NULL,NULL,'2015-12-04 17:54:00');
/*!40000 ALTER TABLE `Publisher` ENABLE KEYS */;
UNLOCK TABLES;

--
-- Table structure for table `Publisher_has_Collection`
--

DROP TABLE IF EXISTS `Publisher_has_Collection`;
/*!40101 SET @saved_cs_client     = @@character_set_client */;
/*!40101 SET character_set_client = utf8 */;
CREATE TABLE `Publisher_has_Collection` (
  `Publisher_id` int(10) unsigned NOT NULL,
  `Collection_id` int(10) unsigned NOT NULL,
  PRIMARY KEY (`Publisher_id`,`Collection_id`),
  KEY `fk_Publisher_has_Collection_Collection1_idx` (`Collection_id`),
  KEY `fk_Publisher_has_Collection_Publisher1_idx` (`Publisher_id`),
  CONSTRAINT `fk_Publisher_has_Collection_Collection1` FOREIGN KEY (`Collection_id`) REFERENCES `Collection` (`id`) ON DELETE NO ACTION ON UPDATE NO ACTION,
  CONSTRAINT `fk_Publisher_has_Collection_Publisher1` FOREIGN KEY (`Publisher_id`) REFERENCES `Publisher` (`id`) ON DELETE NO ACTION ON UPDATE NO ACTION
) ENGINE=InnoDB DEFAULT CHARSET=utf8;
/*!40101 SET character_set_client = @saved_cs_client */;

--
-- Dumping data for table `Publisher_has_Collection`
--

LOCK TABLES `Publisher_has_Collection` WRITE;
/*!40000 ALTER TABLE `Publisher_has_Collection` DISABLE KEYS */;
INSERT INTO `Publisher_has_Collection` VALUES (1,1),(1,2),(1,3);
/*!40000 ALTER TABLE `Publisher_has_Collection` ENABLE KEYS */;
UNLOCK TABLES;

--
-- Table structure for table `Publisher_has_Score`
--

DROP TABLE IF EXISTS `Publisher_has_Score`;
/*!40101 SET @saved_cs_client     = @@character_set_client */;
/*!40101 SET character_set_client = utf8 */;
CREATE TABLE `Publisher_has_Score` (
  `Publisher_id` int(10) unsigned NOT NULL,
  `Score_id` int(10) unsigned NOT NULL,
  `date_added` timestamp NULL DEFAULT CURRENT_TIMESTAMP,
  PRIMARY KEY (`Publisher_id`,`Score_id`),
  KEY `fk_Publisher_has_Score_Score1_idx` (`Score_id`),
  KEY `fk_Publisher_has_Score_Publisher1_idx` (`Publisher_id`),
  CONSTRAINT `fk_Publisher_has_Score_Publisher1` FOREIGN KEY (`Publisher_id`) REFERENCES `Publisher` (`id`) ON DELETE NO ACTION ON UPDATE NO ACTION,
  CONSTRAINT `fk_Publisher_has_Score_Score1` FOREIGN KEY (`Score_id`) REFERENCES `Score` (`id`) ON DELETE NO ACTION ON UPDATE NO ACTION
) ENGINE=InnoDB DEFAULT CHARSET=utf8;
/*!40101 SET character_set_client = @saved_cs_client */;

--
-- Dumping data for table `Publisher_has_Score`
--

LOCK TABLES `Publisher_has_Score` WRITE;
/*!40000 ALTER TABLE `Publisher_has_Score` DISABLE KEYS */;
INSERT INTO `Publisher_has_Score` VALUES (1,1,'2015-12-04 17:49:32'),(1,2,'2015-12-04 17:49:32'),(1,3,'2015-12-04 17:49:32'),(1,4,'2015-12-04 17:49:33'),(1,5,'2015-12-04 17:49:33'),(1,6,'2015-12-04 17:49:33'),(1,7,'2015-12-04 17:49:33'),(1,8,'2015-12-04 17:49:33'),(1,9,'2015-12-04 17:49:33'),(1,10,'2015-12-04 17:49:33'),(1,11,'2015-12-04 17:49:33'),(1,12,'2015-12-04 17:49:33'),(1,13,'2015-12-04 17:49:33'),(1,14,'2015-12-04 17:49:33'),(1,15,'2015-12-04 17:49:33'),(1,16,'2015-12-04 17:49:33'),(1,17,'2015-12-04 17:49:33'),(1,18,'2015-12-04 17:49:33'),(1,19,'2015-12-04 17:49:33'),(1,20,'2015-12-04 17:49:33'),(1,21,'2015-12-04 17:49:33'),(1,22,'2015-12-04 17:49:33'),(1,23,'2015-12-04 17:49:33'),(1,24,'2015-12-04 17:49:33'),(1,25,'2015-12-04 17:49:34'),(1,26,'2015-12-04 17:49:34'),(1,27,'2015-12-04 17:49:34'),(1,28,'2015-12-04 17:49:34'),(1,29,'2015-12-04 17:49:34'),(1,30,'2015-12-04 17:49:34'),(1,31,'2015-12-04 17:49:34'),(1,32,'2015-12-04 17:49:34'),(1,33,'2015-12-04 17:49:34'),(1,34,'2015-12-04 17:49:34'),(1,35,'2015-12-04 17:49:34'),(1,36,'2015-12-04 17:49:34'),(1,37,'2015-12-04 17:49:34'),(1,38,'2015-12-04 17:49:34'),(1,39,'2015-12-04 17:49:34'),(1,40,'2015-12-04 17:49:34'),(1,41,'2015-12-04 17:49:34'),(1,42,'2015-12-04 17:49:34'),(1,43,'2015-12-04 17:49:34'),(1,44,'2015-12-04 17:49:34'),(1,45,'2015-12-04 17:49:34'),(1,46,'2015-12-04 17:49:35'),(1,47,'2015-12-04 17:49:35'),(1,48,'2015-12-04 17:49:35'),(1,49,'2015-12-04 17:49:35'),(1,50,'2015-12-04 17:49:35'),(1,51,'2015-12-04 17:49:35'),(1,52,'2015-12-04 17:49:35'),(1,53,'2015-12-04 17:49:35'),(1,54,'2015-12-04 17:49:35'),(1,55,'2015-12-04 17:49:35'),(1,56,'2015-12-04 17:49:35'),(1,57,'2015-12-04 17:49:35'),(1,58,'2015-12-04 17:49:35'),(1,59,'2015-12-04 17:49:35'),(1,60,'2015-12-04 17:49:35'),(1,61,'2015-12-04 17:49:35'),(1,62,'2015-12-04 17:49:35'),(1,63,'2015-12-04 17:49:35'),(1,64,'2015-12-04 17:49:35'),(1,65,'2015-12-04 17:49:35'),(1,66,'2015-12-04 17:49:35'),(1,67,'2015-12-04 17:51:46'),(1,68,'2015-12-04 17:51:47'),(1,69,'2015-12-04 17:51:47'),(1,70,'2015-12-04 17:51:47'),(1,71,'2015-12-04 17:51:47'),(1,72,'2015-12-04 17:51:47'),(1,73,'2015-12-04 17:51:47'),(1,74,'2015-12-04 17:51:47'),(1,75,'2015-12-04 17:51:47'),(1,76,'2015-12-04 17:51:47'),(1,77,'2015-12-04 17:51:47'),(1,78,'2015-12-04 17:51:47'),(1,79,'2015-12-04 17:51:47'),(1,80,'2015-12-04 17:51:47'),(1,81,'2015-12-04 17:51:48'),(1,82,'2015-12-04 17:51:48'),(1,83,'2015-12-04 17:51:48'),(1,84,'2015-12-04 17:51:48'),(1,85,'2015-12-04 17:51:48'),(1,86,'2015-12-04 17:51:48'),(1,87,'2015-12-04 17:51:48'),(1,88,'2015-12-04 17:51:48'),(1,89,'2015-12-04 17:51:48'),(1,90,'2015-12-04 17:51:48'),(1,91,'2015-12-04 17:51:48'),(1,92,'2015-12-04 17:51:48'),(1,93,'2015-12-04 17:51:48'),(1,94,'2015-12-04 17:51:48'),(1,95,'2015-12-04 17:51:48'),(1,96,'2015-12-04 17:51:48'),(1,97,'2015-12-04 17:51:48'),(1,98,'2015-12-04 17:51:49'),(1,99,'2015-12-04 17:51:49'),(1,100,'2015-12-04 17:51:49'),(1,101,'2015-12-04 17:51:49'),(1,102,'2015-12-04 17:51:49'),(1,103,'2015-12-04 17:51:49'),(1,104,'2015-12-04 17:51:49'),(1,105,'2015-12-04 17:51:49'),(1,106,'2015-12-04 17:51:49'),(1,107,'2015-12-04 17:51:49'),(1,108,'2015-12-04 17:51:49'),(1,109,'2015-12-04 17:51:49'),(1,110,'2015-12-04 17:53:15'),(1,111,'2015-12-04 17:53:15'),(1,112,'2015-12-04 17:53:15'),(1,113,'2015-12-04 17:53:15'),(1,114,'2015-12-04 17:53:15'),(1,115,'2015-12-04 17:53:15'),(1,116,'2015-12-04 17:53:15'),(1,117,'2015-12-04 17:53:15'),(1,118,'2015-12-04 17:53:15'),(1,119,'2015-12-04 17:53:16'),(1,120,'2015-12-04 17:53:16'),(1,121,'2015-12-04 17:53:16'),(1,122,'2015-12-04 17:53:16'),(1,123,'2015-12-04 17:53:16'),(1,124,'2015-12-04 17:53:16'),(1,125,'2015-12-04 17:53:16'),(1,126,'2015-12-04 17:53:17'),(1,127,'2015-12-04 17:53:17'),(1,128,'2015-12-04 17:53:17'),(1,129,'2015-12-04 17:53:17'),(1,130,'2015-12-04 17:53:17'),(1,131,'2015-12-04 17:53:17'),(1,132,'2015-12-04 17:53:17'),(1,133,'2015-12-04 17:53:17'),(1,134,'2015-12-04 17:53:17'),(1,135,'2015-12-04 17:53:18'),(1,136,'2015-12-04 17:53:18'),(1,137,'2015-12-04 17:53:18'),(1,138,'2015-12-04 17:53:18'),(1,139,'2015-12-04 17:53:18'),(1,140,'2015-12-04 17:53:18'),(1,141,'2015-12-04 17:53:19'),(1,142,'2015-12-04 17:53:19'),(1,143,'2015-12-04 17:53:19'),(1,144,'2015-12-04 17:53:19'),(1,145,'2015-12-04 17:53:19'),(1,146,'2015-12-04 17:53:19'),(1,147,'2015-12-04 17:53:19'),(1,148,'2015-12-04 17:53:19'),(1,149,'2015-12-04 17:53:19'),(1,150,'2015-12-04 17:53:19'),(1,151,'2015-12-04 17:53:19'),(2,152,'2015-12-04 17:53:48'),(3,153,'2015-12-04 17:53:49'),(3,164,'2015-12-04 17:53:50'),(3,276,'2015-12-04 17:54:00'),(4,154,'2015-12-04 17:53:49'),(5,155,'2015-12-04 17:53:49'),(6,155,'2015-12-04 17:53:49'),(7,156,'2015-12-04 17:53:49'),(8,157,'2015-12-04 17:53:49'),(9,158,'2015-12-04 17:53:49'),(9,173,'2015-12-04 17:53:52'),(9,195,'2015-12-04 17:53:56'),(9,196,'2015-12-04 17:53:56'),(9,267,'2015-12-04 17:53:59'),(10,159,'2015-12-04 17:53:49'),(10,161,'2015-12-04 17:53:49'),(10,171,'2015-12-04 17:53:52'),(11,160,'2015-12-04 17:53:49'),(12,162,'2015-12-04 17:53:49'),(12,263,'2015-12-04 17:53:59'),(13,163,'2015-12-04 17:53:49'),(14,165,'2015-12-04 17:53:50'),(14,166,'2015-12-04 17:53:51'),(15,167,'2015-12-04 17:53:51'),(15,175,'2015-12-04 17:53:53'),(15,189,'2015-12-04 17:53:55'),(15,206,'2015-12-04 17:53:56'),(15,209,'2015-12-04 17:53:56'),(15,212,'2015-12-04 17:53:57'),(15,218,'2015-12-04 17:53:57'),(15,226,'2015-12-04 17:53:57'),(15,253,'2015-12-04 17:53:59'),(15,255,'2015-12-04 17:53:59'),(15,259,'2015-12-04 17:53:59'),(16,168,'2015-12-04 17:53:51'),(16,179,'2015-12-04 17:53:54'),(16,180,'2015-12-04 17:53:54'),(16,210,'2015-12-04 17:53:56'),(17,169,'2015-12-04 17:53:51'),(18,170,'2015-12-04 17:53:51'),(19,172,'2015-12-04 17:53:52'),(19,247,'2015-12-04 17:53:58'),(20,174,'2015-12-04 17:53:53'),(21,176,'2015-12-04 17:53:53'),(21,177,'2015-12-04 17:53:54'),(21,242,'2015-12-04 17:53:58'),(21,269,'2015-12-04 17:53:59'),(22,178,'2015-12-04 17:53:54'),(23,181,'2015-12-04 17:53:54'),(24,182,'2015-12-04 17:53:54'),(25,183,'2015-12-04 17:53:55'),(25,208,'2015-12-04 17:53:56'),(26,184,'2015-12-04 17:53:55'),(27,185,'2015-12-04 17:53:55'),(28,186,'2015-12-04 17:53:55'),(29,187,'2015-12-04 17:53:55'),(30,188,'2015-12-04 17:53:55'),(30,203,'2015-12-04 17:53:56'),(31,188,'2015-12-04 17:53:55'),(32,190,'2015-12-04 17:53:55'),(33,191,'2015-12-04 17:53:55'),(34,192,'2015-12-04 17:53:55'),(35,193,'2015-12-04 17:53:56'),(36,194,'2015-12-04 17:53:56'),(37,197,'2015-12-04 17:53:56'),(37,198,'2015-12-04 17:53:56'),(37,199,'2015-12-04 17:53:56'),(37,275,'2015-12-04 17:54:00'),(38,200,'2015-12-04 17:53:56'),(39,201,'2015-12-04 17:53:56'),(40,202,'2015-12-04 17:53:56'),(41,204,'2015-12-04 17:53:56'),(41,227,'2015-12-04 17:53:57'),(41,233,'2015-12-04 17:53:58'),(41,237,'2015-12-04 17:53:58'),(41,238,'2015-12-04 17:53:58'),(41,241,'2015-12-04 17:53:58'),(41,272,'2015-12-04 17:54:00'),(41,274,'2015-12-04 17:54:00'),(41,277,'2015-12-04 17:54:00'),(42,205,'2015-12-04 17:53:56'),(43,207,'2015-12-04 17:53:56'),(43,217,'2015-12-04 17:53:57'),(44,211,'2015-12-04 17:53:56'),(44,228,'2015-12-04 17:53:57'),(44,234,'2015-12-04 17:53:58'),(44,262,'2015-12-04 17:53:59'),(45,213,'2015-12-04 17:53:57'),(46,214,'2015-12-04 17:53:57'),(47,215,'2015-12-04 17:53:57'),(48,216,'2015-12-04 17:53:57'),(49,219,'2015-12-04 17:53:57'),(50,220,'2015-12-04 17:53:57'),(51,221,'2015-12-04 17:53:57'),(52,222,'2015-12-04 17:53:57'),(53,223,'2015-12-04 17:53:57'),(54,224,'2015-12-04 17:53:57'),(55,225,'2015-12-04 17:53:57'),(56,229,'2015-12-04 17:53:57'),(56,278,'2015-12-04 17:54:00'),(57,230,'2015-12-04 17:53:57'),(58,231,'2015-12-04 17:53:58'),(59,232,'2015-12-04 17:53:58'),(60,235,'2015-12-04 17:53:58'),(60,239,'2015-12-04 17:53:58'),(61,236,'2015-12-04 17:53:58'),(61,280,'2015-12-04 17:54:00'),(62,240,'2015-12-04 17:53:58'),(63,243,'2015-12-04 17:53:58'),(64,244,'2015-12-04 17:53:58'),(65,245,'2015-12-04 17:53:58'),(66,246,'2015-12-04 17:53:58'),(66,260,'2015-12-04 17:53:59'),(67,248,'2015-12-04 17:53:58'),(68,249,'2015-12-04 17:53:58'),(68,251,'2015-12-04 17:53:59'),(68,258,'2015-12-04 17:53:59'),(69,250,'2015-12-04 17:53:58'),(69,252,'2015-12-04 17:53:59'),(69,271,'2015-12-04 17:54:00'),(70,254,'2015-12-04 17:53:59'),(70,261,'2015-12-04 17:53:59'),(71,256,'2015-12-04 17:53:59'),(72,257,'2015-12-04 17:53:59'),(73,264,'2015-12-04 17:53:59'),(74,265,'2015-12-04 17:53:59'),(75,266,'2015-12-04 17:53:59'),(76,268,'2015-12-04 17:53:59'),(77,270,'2015-12-04 17:53:59'),(78,273,'2015-12-04 17:54:00'),(79,279,'2015-12-04 17:54:00');
/*!40000 ALTER TABLE `Publisher_has_Score` ENABLE KEYS */;
UNLOCK TABLES;

--
-- Table structure for table `Score`
--

DROP TABLE IF EXISTS `Score`;
/*!40101 SET @saved_cs_client     = @@character_set_client */;
/*!40101 SET character_set_client = utf8 */;
CREATE TABLE `Score` (
  `id` int(10) unsigned NOT NULL AUTO_INCREMENT,
  `work_id` int(10) unsigned NOT NULL,
  `ref_id` varchar(60) DEFAULT NULL COMMENT 'The user identifier for a work, e.g. dickens_song or baille_boat',
  `year` int(10) unsigned DEFAULT NULL COMMENT 'The year the score was composed',
  `dedicatee` varchar(45) DEFAULT NULL,
  `form` varchar(45) DEFAULT NULL COMMENT 'Genre/form - e.g. ballad, waltz, etc.',
  `key_sig` set('C major/A minor','G major/E minor','D major/B minor','A major/F sharp minor','E major/C sharp minor','B major / G sharp minor','F sharp major/D sharp minor','C sharp major/A sharp minor','F major/D minor','B flat major/G minor','E flat major/C minor','A flat major/F minor','D flat major/B flat minor','G flat major/E flat minor','C flat major/A flat minor') DEFAULT NULL COMMENT 'Key signature',
  `time_sig` varchar(45) DEFAULT NULL COMMENT 'Time signature - e.g., 3/4, 4/4',
  `tempo` varchar(45) DEFAULT NULL COMMENT 'e.g. Andante, Largo, Allegretto',
  `instruments` set('guitar','piano','voice') DEFAULT NULL COMMENT 'Instruments listed for performance, separated by commas.',
  `cover_desc` mediumtext COMMENT 'Description of cover illustration - I''m not sure that this is necessary',
  `note` mediumtext COMMENT 'A field we used to denote any random information about the sheet music',
  `description` longtext COMMENT 'Any description/analysis info about the music',
  `source` varchar(100) DEFAULT NULL COMMENT 'Who supplied us with this sheet music',
  `metadata_author` varchar(45) DEFAULT NULL COMMENT 'Whoever wrote the metadata.',
  `page_count` int(11) DEFAULT NULL,
  `title` varchar(150) DEFAULT NULL COMMENT 'The title of this score (only if it is different from the normal "work" title)',
  `date_added` timestamp NULL DEFAULT CURRENT_TIMESTAMP,
  `has_audio` tinyint(1) DEFAULT '0',
  PRIMARY KEY (`id`,`work_id`),
  UNIQUE KEY `id_UNIQUE` (`id`),
  KEY `fk_Score_Work1_idx` (`work_id`),
  CONSTRAINT `fk_Score_Work1` FOREIGN KEY (`work_id`) REFERENCES `Work` (`id`) ON DELETE NO ACTION ON UPDATE NO ACTION
) ENGINE=InnoDB AUTO_INCREMENT=281 DEFAULT CHARSET=utf8;
/*!40101 SET character_set_client = @saved_cs_client */;

--
-- Dumping data for table `Score`
--

LOCK TABLES `Score` WRITE;
/*!40000 ALTER TABLE `Score` DISABLE KEYS */;
INSERT INTO `Score` VALUES (1,1,'',0,NULL,'','F major/D minor','4/4','Slow','voice',NULL,'2 songs on page',NULL,NULL,NULL,1,'O Raging Withering Blast','2015-12-04 17:49:32',0),(2,2,'',0,NULL,'','B flat major/G minor','3/4','','voice',NULL,'',NULL,NULL,NULL,1,'O Logie O\' Buchan','2015-12-04 17:49:32',0),(3,3,'',0,NULL,'','E flat major/C minor','4/4','','voice',NULL,'',NULL,NULL,NULL,1,'The Young Highland Rover','2015-12-04 17:49:32',0),(4,4,'',0,NULL,'','A major/F sharp minor','4/4','Slowly','voice',NULL,'2 songs on page',NULL,NULL,NULL,1,'For Lack of Gold','2015-12-04 17:49:32',0),(5,5,'',0,NULL,'','F major/D minor','4/4','In moderate time','voice',NULL,'',NULL,NULL,NULL,2,'My Lady\'s Gown There\'s Gares Upon\'t','2015-12-04 17:49:33',0),(6,6,'',0,NULL,'','B flat major/G minor','2/2','','voice',NULL,'',NULL,NULL,NULL,1,'This is No my Ain Lassie','2015-12-04 17:49:33',0),(7,7,'',0,NULL,'','F major/D minor','4/4','','voice',NULL,'Beginning to Duncan Davidson',NULL,NULL,NULL,1,'The Carle He Cam O\'er the Craft','2015-12-04 17:49:33',0),(8,8,'',0,NULL,'','D major/B minor','4/4','','voice',NULL,'',NULL,NULL,NULL,1,'A Highland Lad my Love was Born','2015-12-04 17:49:33',0),(9,9,'',0,NULL,'','D major/B minor','3/4','','voice',NULL,'Beginning to There Grows a Bonnie Brier Bush',NULL,NULL,NULL,1,'Joy of my Earliest Days','2015-12-04 17:49:33',0),(10,10,'',0,NULL,'','E flat major/C minor','4/4','','voice',NULL,'',NULL,NULL,NULL,1,'My Native Caledonia','2015-12-04 17:49:33',0),(11,11,'',0,NULL,'','G major/E minor','6/8','','voice',NULL,'',NULL,NULL,NULL,1,'My Tocher\'s the Jewel','2015-12-04 17:49:33',0),(12,12,'',0,NULL,'','C major/A minor','4/4','','voice',NULL,'',NULL,NULL,NULL,1,'My Bonnie Mary','2015-12-04 17:49:33',0),(13,13,'',0,NULL,'','D major/B minor','6/8','Slow and Tender','voice',NULL,'2 songs on page',NULL,NULL,NULL,1,'Fare Thee Weel, Thou First and Fairest','2015-12-04 17:49:33',0),(14,14,'',0,NULL,'','G major/E minor','6/8','Slow and Tender','voice',NULL,'',NULL,NULL,NULL,2,'Fare Thee Weel, Thou First and Fairest 2nd Set','2015-12-04 17:49:33',0),(15,15,'',0,NULL,'','B flat major/G minor','4/4','','voice',NULL,'',NULL,NULL,NULL,1,'John Anderson my Jo','2015-12-04 17:49:33',0),(16,16,'',0,NULL,'','B flat major/G minor','4/4','','voice',NULL,'',NULL,NULL,NULL,1,'For a\' That, and a\' That','2015-12-04 17:49:33',0),(17,17,'',0,NULL,'','B flat major/G minor','4/4','','voice',NULL,'',NULL,NULL,NULL,1,'Again Rejoicing Nature','2015-12-04 17:49:33',0),(18,18,'',0,NULL,'','B flat major/G minor','4/4','','voice',NULL,'',NULL,NULL,NULL,2,'The Flowers of the Forest','2015-12-04 17:49:33',0),(19,19,'',0,NULL,'','B flat major/G minor','4/4','','voice',NULL,'',NULL,NULL,NULL,1,'Highland Mary','2015-12-04 17:49:33',0),(20,20,'',0,NULL,'','D major/B minor','4/4','','voice',NULL,'',NULL,NULL,NULL,1,'The Ploughman','2015-12-04 17:49:33',0),(21,21,'',0,NULL,'','A major/F sharp minor','6/8','','',NULL,'',NULL,NULL,NULL,1,'Ye Banks and Braes O\' Bonnie Doon','2015-12-04 17:49:33',0),(22,22,'',0,NULL,'','G major/E minor','4/4','Slowly','voice',NULL,'',NULL,NULL,NULL,1,'Bess and Her Spinning-Wheel','2015-12-04 17:49:33',0),(23,23,'',0,NULL,'','D major/B minor','6/8','Slow with Expression','voice',NULL,'',NULL,NULL,NULL,1,'Craigie_Burn Wood','2015-12-04 17:49:33',0),(24,24,'',0,NULL,'','F major/D minor','3/4','','voice',NULL,'',NULL,NULL,NULL,1,'Eppie Adair','2015-12-04 17:49:33',0),(25,25,'',0,NULL,'','B flat major/G minor','6/8','With Animation','voice',NULL,'2 songs on page',NULL,NULL,NULL,2,'The Foray','2015-12-04 17:49:33',0),(26,26,'',0,NULL,'','B flat major/G minor','4/4','Slow, but with Energy','voice',NULL,'',NULL,NULL,NULL,2,'Dirge of a Highland Chief. Who was Executed after the defeat of Prince Charles','2015-12-04 17:49:34',0),(27,27,'',0,NULL,'','G major/E minor','6/8','Slowly','voice',NULL,'',NULL,NULL,NULL,1,'She\'s Fair and Fause','2015-12-04 17:49:34',0),(28,28,'',0,NULL,'','C major/A minor','4/4','','voice',NULL,'',NULL,NULL,NULL,1,'O Lay Thy Loof in Nine, Lass','2015-12-04 17:49:34',0),(29,29,'',0,NULL,'','D major/B minor','4/4','','voice',NULL,'',NULL,NULL,NULL,1,'Gala Water','2015-12-04 17:49:34',0),(30,30,'',0,NULL,'','E flat major/C minor','4/4','','voice',NULL,'2 songs on page',NULL,NULL,NULL,2,'Charlie is my Darling','2015-12-04 17:49:34',0),(31,31,'',0,NULL,'','E flat major/C minor','3/4','','voice',NULL,'',NULL,NULL,NULL,1,'O Poortith Cauld And Restless Love','2015-12-04 17:49:34',0),(32,32,'',0,NULL,'','C major/A minor','6/8','','voice',NULL,'Beginning to I\'ve Seen the Smiling of Fortune',NULL,NULL,NULL,1,'My Wife\'s a Winsome Wee Thing','2015-12-04 17:49:34',0),(33,33,'',0,NULL,'','D major/B minor','3/4','','voice',NULL,'',NULL,NULL,NULL,1,'Sensibility How Charming!','2015-12-04 17:49:34',0),(34,34,'',0,NULL,'','D major/B minor','4/4','','voice',NULL,'Beginning to Ye\'ll Mount Gude Man',NULL,NULL,NULL,1,'The Braes O\' Ballochmyle','2015-12-04 17:49:34',0),(35,35,'',0,NULL,'','F major/D minor','4/4','','voice',NULL,'',NULL,NULL,NULL,1,'What Ails This Heart O\' Mine?','2015-12-04 17:49:34',0),(36,36,'',0,NULL,'','D major/B minor','4/4','','voice',NULL,'Beginning to Aikin Drum',NULL,NULL,NULL,1,'The Lass of Ecclefechan','2015-12-04 17:49:34',0),(37,37,'',0,NULL,'','D major/B minor','4/4','','voice',NULL,'',NULL,NULL,NULL,1,'O! Wert Thou in the Cauld Blast','2015-12-04 17:49:34',0),(38,38,'',0,NULL,'','G major/E minor','6/6','','voice',NULL,'',NULL,NULL,NULL,1,'True-Hearted was he, The Sad Swain O\' The Yarrow','2015-12-04 17:49:34',0),(39,39,'',0,NULL,'','A major/F sharp minor','4/4','Lively','voice',NULL,'',NULL,NULL,NULL,1,'What\'s A\' the Steer, Kimmer?','2015-12-04 17:49:34',0),(40,40,'',0,NULL,'','F major/D minor','2/4','Lively','voice',NULL,'',NULL,NULL,NULL,1,'O, Saw Ye Bonnie Lesley?','2015-12-04 17:49:34',0),(41,41,'',0,NULL,'','D major/B minor','6/8','','voice',NULL,'',NULL,NULL,NULL,1,'A Rose Bud by my Early Walk','2015-12-04 17:49:34',0),(42,42,'',0,NULL,'','C major/A minor','6/8','Plaintive','voice',NULL,'2 songs on page',NULL,NULL,NULL,1,'Charlie\'s Farewell','2015-12-04 17:49:34',0),(43,43,'',0,NULL,'','C major/A minor','4/4','','voice',NULL,'',NULL,NULL,NULL,2,'What Will I Do Gin My Hoggie Die','2015-12-04 17:49:34',0),(44,44,'',0,NULL,'','A major/F sharp minor','3/4','','voice',NULL,'2 songs on page',NULL,NULL,NULL,1,'The Winter of Life','2015-12-04 17:49:34',0),(45,45,'',0,NULL,'','A major/F sharp minor','4/4','','voice',NULL,'',NULL,NULL,NULL,2,'The Soldier\'s Return','2015-12-04 17:49:34',0),(46,46,'',0,NULL,'','A major/F sharp minor','4/4','','voice',NULL,'Beginning to Argyle is my Name',NULL,NULL,NULL,1,'My Collier Laddie','2015-12-04 17:49:34',0),(47,47,'',0,NULL,'','D major/B minor','3/4','','voice',NULL,'Beginning to Gae to the Kye Wi\' Me, Jonny',NULL,NULL,NULL,1,'Strathallan\'s Lament','2015-12-04 17:49:35',0),(48,48,'',0,NULL,'','F major/D minor','4/4','Slow with Expression','voice',NULL,'',NULL,NULL,NULL,1,'Thou Hast Left Me Ever Jamie','2015-12-04 17:49:35',0),(49,49,'',0,NULL,'','F major/D minor','9/8','Lively','voice',NULL,'',NULL,NULL,NULL,1,'Woo\'d And Married and A\'','2015-12-04 17:49:35',0),(50,50,'',0,NULL,'','E flat major/C minor','3/4','','voice',NULL,'',NULL,NULL,NULL,1,'Auld Rob Morris','2015-12-04 17:49:35',0),(51,51,'',0,NULL,'','B flat major/G minor','6/8','','voice',NULL,'',NULL,NULL,NULL,1,'John Tod','2015-12-04 17:49:35',0),(52,52,'',0,NULL,'','F major/D minor','3/4','Slow','voice',NULL,'',NULL,NULL,NULL,1,'The Gloomy Night is Gath\'ring Fast','2015-12-04 17:49:35',0),(53,53,'',0,NULL,'','D major/B minor','4/4','','voice',NULL,'2 songs on page',NULL,NULL,NULL,1,'O Check, my Love, the Falling Tear','2015-12-04 17:49:35',0),(54,54,'',0,NULL,'','B flat major/G minor','2/4','','voice',NULL,'',NULL,NULL,NULL,2,'O Stay, Sweet Warbling Woodlark Stay!','2015-12-04 17:49:35',0),(55,55,'',0,NULL,'','E flat major/C minor','4/4','','voice',NULL,'',NULL,NULL,NULL,1,'My Nanny O','2015-12-04 17:49:35',0),(56,56,'',0,NULL,'','A major/F sharp minor','4/4','','voice',NULL,'2 songs on page',NULL,NULL,NULL,1,'The Highland Widow\'s Lament','2015-12-04 17:49:35',0),(57,57,'',0,NULL,'','D major/B minor','4/4','','voice',NULL,'',NULL,NULL,NULL,2,'Birks of Aberfeldy','2015-12-04 17:49:35',0),(58,58,'',0,NULL,'','C major/A minor','4/4','','voice',NULL,'Beginning  to Mount and Go',NULL,NULL,NULL,1,'Stay, My Charmer, Can you Leave Me?','2015-12-04 17:49:35',0),(59,59,'',0,NULL,'','A flat major/F minor','4/4','Moderately Slow, with Expression','voice',NULL,'2 songs on page',NULL,NULL,NULL,1,'Hey Donald! How Donald!','2015-12-04 17:49:35',0),(60,60,'',0,NULL,'','B flat major/G minor','2/4','','voice',NULL,'',NULL,NULL,NULL,2,'Mark Younder Pomp of Costly Fashion','2015-12-04 17:49:35',0),(61,61,'',0,NULL,'','D major/B minor','3/4','','voice',NULL,'2 songs on page',NULL,NULL,NULL,1,'O Lassie I Maun Lo\'e Thee','2015-12-04 17:49:35',0),(62,62,'',0,NULL,'','F major/D minor','2/4','In moderate time','',NULL,'',NULL,NULL,NULL,2,'Auld Lang Syne','2015-12-04 17:49:35',0),(63,63,'',0,NULL,'','B flat major/G minor','','','voice',NULL,'',NULL,NULL,NULL,1,'Farewell, Thou Stream, That Winding Flows','2015-12-04 17:49:35',0),(64,64,'',0,NULL,'','G major/E minor','4/4','Slow','voice',NULL,'Beginning to Up and Warn A,\' Willie',NULL,NULL,NULL,1,'As I Stood by Youn Roofless Tower','2015-12-04 17:49:35',0),(65,65,'',0,NULL,'','B flat major/G minor','3/4','Slowly','voice',NULL,'',NULL,NULL,NULL,1,'There\'ll Never Be Peace Till Jamie comes Hame','2015-12-04 17:49:35',0),(66,66,'',0,NULL,'','F major/D minor','4/4','','voice',NULL,'',NULL,NULL,NULL,1,'O, Tibbie, I have Seen the Day','2015-12-04 17:49:35',0),(67,67,'',0,NULL,'','C major/A minor','4/4','','voice',NULL,'',NULL,NULL,NULL,1,'Lord Gregory','2015-12-04 17:51:46',0),(68,68,'',0,NULL,'','D major/B minor','4/4','Slow','voice',NULL,'',NULL,NULL,NULL,1,'Can Aught Be Constant as The Sun','2015-12-04 17:51:47',0),(69,69,'',0,NULL,'','D major/B minor','4/4','','voice',NULL,'',NULL,NULL,NULL,1,'The Day Returns','2015-12-04 17:51:47',0),(70,70,'',0,NULL,'','F major/D minor','3/4','','voice',NULL,'Partial score on bottom of the page',NULL,NULL,NULL,1,'The Dream','2015-12-04 17:51:47',0),(71,71,'',0,NULL,'','E flat major/C minor','4/4','Slowly, with expression','voice',NULL,'Partial score on bottom of the page',NULL,NULL,NULL,1,'It Was A\' For Our Rightfu\' King','2015-12-04 17:51:47',0),(72,72,'',0,NULL,'','G major/E minor','2/2','','voice',NULL,'This is a partial score on the bottom of page',NULL,NULL,NULL,2,'Of A\' The Airts The Win\' Can Blaw','2015-12-04 17:51:47',0),(73,73,'',0,NULL,'','A major/F sharp minor','4/4','Slowish','voice',NULL,'',NULL,NULL,NULL,1,'MacPherson\'s Farewell','2015-12-04 17:51:47',0),(74,74,'',0,NULL,'','D major/B minor','4/4','','voice',NULL,'',NULL,NULL,NULL,2,'Auld Robin Gray','2015-12-04 17:51:47',0),(75,75,'',0,NULL,'Chorus','G major/E minor','2/4','','voice',NULL,'',NULL,NULL,NULL,1,'Blythe, Blythe and Merry Was She','2015-12-04 17:51:47',0),(76,76,'',0,NULL,'','F major/D minor','9/8','Lively','voice',NULL,'Partial score on bottom of the page',NULL,NULL,NULL,1,'Battlin, Roarin Willie','2015-12-04 17:51:47',0),(77,77,'',0,NULL,'','G major/E minor','6/8','Slow','voice',NULL,'This is a partial score on the bottom of page',NULL,NULL,NULL,2,'The Banks of The Devon','2015-12-04 17:51:47',0),(78,78,'',0,NULL,'','G major/E minor','6/8','','voice',NULL,'Partial lyrics on bottom of the page',NULL,NULL,NULL,1,'The Laird O\' Cockpen','2015-12-04 17:51:47',0),(79,79,'',0,NULL,'','F major/D minor','2/4','','voice',NULL,'Partial lyrics on bottom of the page',NULL,NULL,NULL,1,'Will Ye Go to The Ewe Bughts Marion','2015-12-04 17:51:47',0),(80,80,'',0,NULL,'','E flat major/C minor','4/4','','voice',NULL,'',NULL,NULL,NULL,1,'Beware O\' Bonnie Ann','2015-12-04 17:51:47',0),(81,81,'',0,NULL,'','D major/B minor','4/4','Slow','voice',NULL,'',NULL,NULL,NULL,1,'Lament of Mary, Queen of Scots, on the Approach of Spring','2015-12-04 17:51:48',0),(82,82,'',0,NULL,'','E flat major/C minor','4/4','Slow','voice',NULL,'Partial score on bottom of the page',NULL,NULL,NULL,1,'Musing On The Roaring Ocean','2015-12-04 17:51:48',0),(83,83,'',0,NULL,'','A major/F sharp minor','4/4','Slowly','voice',NULL,'Partial score on bottom of the page',NULL,NULL,NULL,1,'Bonnie Wee Thing','2015-12-04 17:51:48',0),(84,84,'',0,NULL,'','G major/E minor','4/4','','voice',NULL,'',NULL,NULL,NULL,1,'Wilt Thou Be My Dearie.','2015-12-04 17:51:48',0),(85,85,'',0,NULL,'','E flat major/C minor','4/4','','voice',NULL,'',NULL,NULL,NULL,1,'Thou Ling\'ring Star.','2015-12-04 17:51:48',0),(86,86,'',0,NULL,'','E flat major/C minor','6/8','With spirit','voice',NULL,'',NULL,NULL,NULL,1,'Kenmure\'s On And Awa.','2015-12-04 17:51:48',0),(87,87,'',0,NULL,'','A major/F sharp minor','4/4','','voice',NULL,'Partial score on bottom of the page',NULL,NULL,NULL,1,'When Braving Angry Winter\'s Storms.','2015-12-04 17:51:48',0),(88,88,'',0,NULL,'','D major/B minor','4/4','','voice',NULL,'This is a partial score on the bottom of page',NULL,NULL,NULL,2,'O, Wat Ye Wha\'s in Yon Town?','2015-12-04 17:51:48',0),(89,89,'',0,NULL,'','C major/A minor','4/4','','voice',NULL,'',NULL,NULL,NULL,1,'My Love is Like a Red Red Rose.','2015-12-04 17:51:48',0),(90,90,'',0,NULL,'Chorus','F major/D minor','2/4','Slow','voice',NULL,'',NULL,NULL,NULL,1,'The Weary Pund O\' Town.','2015-12-04 17:51:48',0),(91,91,'',0,NULL,'','E flat major/C minor','4/4','Lively','voice',NULL,'',NULL,NULL,NULL,1,'In Simmer When The Hay Was Mawn.','2015-12-04 17:51:48',0),(92,92,'',0,NULL,'','','','','',NULL,'Vol. IV.; Second edition ',NULL,NULL,NULL,1,'The Scottish Minstrel: A Selection from the Vocal Melodies of Scotland, Ancient and Modern, Arranged for the Voice and Piano Forte','2015-12-04 17:51:48',0),(93,93,'',0,NULL,'','F major/D minor','3/4','','voice',NULL,'Partial score on bottom of the page',NULL,NULL,NULL,1,'My Heart\'s In The Highlands.','2015-12-04 17:51:48',0),(94,94,'',0,NULL,'','F major/D minor','6/8','Slowly','voice',NULL,'This is a partial score on the bottom of page',NULL,NULL,NULL,2,'The Exile of Uldoonan','2015-12-04 17:51:48',0),(95,95,'',0,NULL,'','F major/D minor','4/4','','voice',NULL,'',NULL,NULL,NULL,2,'Caller Herrin','2015-12-04 17:51:48',0),(96,96,'',0,NULL,'','D major/B minor','2/4','Moderately slow','voice',NULL,'',NULL,NULL,NULL,1,'Blue-Eyed Ann','2015-12-04 17:51:48',0),(97,97,'',0,NULL,'','D major/B minor','4/4','','voice',NULL,'Partial score on bottom of the page',NULL,NULL,NULL,1,'Our Ain Countrie','2015-12-04 17:51:48',0),(98,98,'',0,NULL,'','G major/E minor','6/8','','voice',NULL,'This is a partial score on the bottom of page',NULL,NULL,NULL,2,'The Quaker\'s Wife','2015-12-04 17:51:48',0),(99,99,'',0,NULL,'','D major/B minor','3/4','','voice',NULL,'Partial score on bottom of the page',NULL,NULL,NULL,1,'Turn Again, Thou Fair Eliza','2015-12-04 17:51:49',0),(100,100,'',0,NULL,'','F major/D minor','4/4','','voice',NULL,'Partial score on bottom of the page',NULL,NULL,NULL,1,'To Daunton Me','2015-12-04 17:51:49',0),(101,101,'',0,NULL,'','B flat major/G minor','4/4','','voice',NULL,'This is a partial score on the bottom of page',NULL,NULL,NULL,2,'From Thee, Eliza, I must go','2015-12-04 17:51:49',0),(102,102,'',0,NULL,'','D major/B minor','2/4','','voice',NULL,'Partial score on bottom of the page',NULL,NULL,NULL,1,'Ca\' The Ewes to The Knowes','2015-12-04 17:51:49',0),(103,103,'',0,NULL,'','D major/B minor','2/4','','voice',NULL,'Partial lyrics on bottom of the page',NULL,NULL,NULL,1,'Where Are Ye Gaun, Thou Bluidy Duke?','2015-12-04 17:51:49',0),(104,104,'',0,NULL,'','B flat major/G minor','2/2','Bold','voice',NULL,'This is a partial score on the bottom of page',NULL,NULL,NULL,2,'Bruce\'s Address to His Army','2015-12-04 17:51:49',0),(105,105,'',0,NULL,'','C major/A minor','3/4','','voice',NULL,'Partial lyrics on bottom of the page',NULL,NULL,NULL,1,'My Love Has Foresaken Me','2015-12-04 17:51:49',0),(106,106,'',0,NULL,'Chorus','C major/A minor','2/4','','voice',NULL,'Partial lyrics on bottom of the page',NULL,NULL,NULL,1,'Lovely Polly Stewart','2015-12-04 17:51:49',0),(107,107,'',0,NULL,'','D major/B minor','4/4','','voice',NULL,'Partial lyrics on bottom of the page',NULL,NULL,NULL,1,'The Bonnie Lad That\'s Far Awa','2015-12-04 17:51:49',0),(108,108,'',0,NULL,'','D major/B minor','3/4','','voice',NULL,'This is a partial score on the bottom of page',NULL,NULL,NULL,2,'Gloomy December','2015-12-04 17:51:49',0),(109,109,'',0,NULL,'','G major/E minor','4/4','','voice',NULL,'Partial lyrics on bottom of the page',NULL,NULL,NULL,1,'My Ronald Was A Gallant Gay','2015-12-04 17:51:49',0),(110,110,'',0,NULL,'','D major/B minor','4/4','Lively','voice',NULL,'',NULL,NULL,NULL,1,'There Was a Lad Was Born in Kyle','2015-12-04 17:53:15',0),(111,111,'',0,NULL,'','B flat major/G minor','6/8','With spirit','voice',NULL,'',NULL,NULL,NULL,2,'Blue Bonnets','2015-12-04 17:53:15',0),(112,112,'',0,NULL,'','','6/8','Lively','voice',NULL,'',NULL,NULL,NULL,1,'The Diel\'s Awa Wi\' The Exciseman','2015-12-04 17:53:15',0),(113,113,'',0,NULL,'','','4/4','Moderate','voice',NULL,'',NULL,NULL,NULL,2,'Caller Herrin\'','2015-12-04 17:53:15',0),(114,114,'',0,NULL,'','C major/A minor','4/4','Moderate','voice',NULL,'Incomplete song',NULL,NULL,NULL,1,'Jockey\'s Ta\'en the Parting Kiss','2015-12-04 17:53:15',0),(115,115,'',0,NULL,'','C major/A minor','6/8','Moderate','voice',NULL,'',NULL,NULL,NULL,1,'O Bonnie Lassie Come  over the Burn','2015-12-04 17:53:15',0),(116,116,'',0,NULL,'','B flat major/G minor','6/8','Moderate','voice',NULL,'',NULL,NULL,NULL,2,'The Veterans','2015-12-04 17:53:15',0),(117,117,'',0,NULL,'','C major/A minor','4/4','Cheerfully','voice',NULL,'',NULL,NULL,NULL,1,'Lassie Wi\' the Lint-White Locks','2015-12-04 17:53:15',0),(118,82,'',0,NULL,'','E flat major/C minor','6/8','Slow','voice',NULL,'',NULL,NULL,NULL,1,'Musing on the Roaring Ocean','2015-12-04 17:53:15',0),(119,118,'',0,NULL,'','E flat major/C minor','4/4','Slowly','voice',NULL,'',NULL,NULL,NULL,1,'The Lass of Livingstone','2015-12-04 17:53:15',0),(120,119,'',0,NULL,'','D major/B minor','2/4','Slowly','voice',NULL,'',NULL,NULL,NULL,1,'My Peggy\'s Face','2015-12-04 17:53:16',0),(121,120,'',0,NULL,'','','4/4','Lively','voice',NULL,'',NULL,NULL,NULL,1,'Merry May the Keel Row','2015-12-04 17:53:16',0),(122,121,'',0,NULL,'','D major/B minor','3/4','Slowly with feeling','voice',NULL,'',NULL,NULL,NULL,2,'The Lovely Lass of Inverness','2015-12-04 17:53:16',0),(123,122,'',0,NULL,'','E flat major/C minor','4/4','Moderate','voice',NULL,'',NULL,NULL,NULL,1,'Sae Far Awa','2015-12-04 17:53:16',0),(124,123,'',0,NULL,'','C major/A minor','4/4','Cantily','voice',NULL,'Incomplete song',NULL,NULL,NULL,1,'Willie Brew\'d a Peck o\' Maut','2015-12-04 17:53:16',0),(125,124,'',0,NULL,'','E flat major/C minor','4/4','Lively','voice',NULL,'Incomplete song',NULL,NULL,NULL,1,'Now Bank and Brae','2015-12-04 17:53:16',0),(126,125,'',0,NULL,'','B flat major/G minor','4/4','Bold','voice',NULL,'Incomplete song',NULL,NULL,NULL,1,'The Gallant Weaver','2015-12-04 17:53:17',0),(127,126,'',0,NULL,'','','4/4','Lively','voice',NULL,'',NULL,NULL,NULL,1,'O Mally\'s Meek, Mally\'s Sweet','2015-12-04 17:53:17',0),(128,127,'',0,NULL,'','A major/F sharp minor','4/4','Moderate','voice',NULL,'',NULL,NULL,NULL,1,'The Sun Is Setting on Sweet Glengary','2015-12-04 17:53:17',0),(129,128,'',0,NULL,'','A major/F sharp minor','4/4','With spirit','voice',NULL,'',NULL,NULL,NULL,2,'The Dumfries Volunteers','2015-12-04 17:53:17',0),(130,129,'',0,NULL,'','C major/A minor','6/8','Lively','voice',NULL,'',NULL,NULL,NULL,1,'Nae Gentle Dames, Tho\' E\'er Sae Fair','2015-12-04 17:53:17',0),(131,130,'',0,NULL,'','E flat major/C minor','4/4','Moderate','voice',NULL,'Incomplete song',NULL,NULL,NULL,1,'It Is Na, Jean, Thy Bonnie Face','2015-12-04 17:53:17',0),(132,131,'',0,NULL,'','B flat major/G minor','9/8','Lively','voice',NULL,'',NULL,NULL,NULL,1,'Tam Glen','2015-12-04 17:53:17',0),(133,132,'',0,NULL,'','G major/E minor','6/8','Slow','voice',NULL,'',NULL,NULL,NULL,1,'Oran-An-Aoig, or The Song of Death','2015-12-04 17:53:17',0),(134,133,'',0,NULL,'','F major/D minor','3/4','Moderate','voice',NULL,'',NULL,NULL,NULL,1,'Afton Water','2015-12-04 17:53:17',0),(135,134,'',0,NULL,'','F major/D minor','4/4','Moderate','voice',NULL,'Incomplete song',NULL,NULL,NULL,1,'Saw Ye Ne\'er A Lanely Lassie','2015-12-04 17:53:18',0),(136,135,'',0,NULL,'','F major/D minor','6/8','With great energy','voice',NULL,'',NULL,NULL,NULL,1,'Pibroch of Donuil Dhu','2015-12-04 17:53:18',0),(137,136,'',0,NULL,'','D major/B minor','4/4','Moderate','voice',NULL,'',NULL,NULL,NULL,1,'With Silent Time Wi\' Lightly Foot','2015-12-04 17:53:18',0),(138,137,'',0,NULL,'','B flat major/G minor','4/4','With animation','voice',NULL,'',NULL,NULL,NULL,2,'Loch-Na-Garr','2015-12-04 17:53:18',0),(139,138,'',0,NULL,'','B flat major/G minor','3/4','Rather slow','voice',NULL,'yes that is really \"Toune\"',NULL,NULL,NULL,1,'St. Andrew\'s Toune','2015-12-04 17:53:18',0),(140,139,'',0,NULL,'','E flat major/C minor','4/4','Slowly','voice',NULL,'yes that is really \"Fareweel\"',NULL,NULL,NULL,2,'Fareweel Edinburgh','2015-12-04 17:53:18',0),(141,140,'',0,NULL,'','F major/D minor','6/8','Lively','voice',NULL,'',NULL,NULL,NULL,1,'A Stately Ship Is on the Sea','2015-12-04 17:53:18',0),(142,141,'',0,NULL,'','D major/B minor','2/4','Moderate','voice',NULL,'',NULL,NULL,NULL,2,'O, Saw Ye My Father?','2015-12-04 17:53:19',0),(143,142,'',0,NULL,'','D major/B minor','2/4','Moderate','voice',NULL,'no music given, but note says to sing to the music listed for the piece before',NULL,NULL,NULL,1,'Where Are the Joys?','2015-12-04 17:53:19',0),(144,143,'',0,NULL,'','F major/D minor','4/4','Moderate','voice',NULL,'',NULL,NULL,NULL,1,'Bessy and Her Spinning Wheel','2015-12-04 17:53:19',0),(145,144,'',0,NULL,'','','6/8','Slowly','voice',NULL,'',NULL,NULL,NULL,1,'Wilt Though Go Wi\' Me','2015-12-04 17:53:19',0),(146,145,'',0,NULL,'','D major/B minor','3/4','','voice',NULL,'Incomplete song',NULL,NULL,NULL,1,'How Lang and Dreary Is the Night','2015-12-04 17:53:19',0),(147,146,'',0,NULL,'','E flat major/C minor','4/4','Slow','voice',NULL,'',NULL,NULL,NULL,1,'Cauld Blaws the Win\'','2015-12-04 17:53:19',0),(148,147,'',0,NULL,'','F major/D minor','6/8; 2/4','With energy','voice',NULL,'',NULL,NULL,NULL,2,'Macgregor\'s Gathering','2015-12-04 17:53:19',0),(149,148,'',0,NULL,'','D major/B minor','6/8','Lively','voice',NULL,'',NULL,NULL,NULL,1,'O for Ane and Twenty, Tam!','2015-12-04 17:53:19',0),(150,149,'',0,NULL,'','F major/D minor','3/4','Cheerfully','voice',NULL,'',NULL,NULL,NULL,1,'Bonnie Bell','2015-12-04 17:53:19',0),(151,150,'',0,NULL,'','E flat major/C minor','4/4','Slowly','voice',NULL,'',NULL,NULL,NULL,1,'Could Aught of Song','2015-12-04 17:53:19',0),(152,151,'baillie_boat',0,'','Duet','D major/B minor','2/4','Allegretto; Siciliano','piano,voice','','Name of lyricist is mispelled in music.  It should be Joanna Baillie.',NULL,NULL,NULL,4,'O Swiftly Glides the Bonny Boat','2015-12-04 17:53:48',0),(153,152,'baillie_chouch',0,'','Trio','F major/D minor','4/4','Andante; Larghetto','piano,voice','','',NULL,NULL,NULL,12,'The Chouch & Crow To Roost Are Gone','2015-12-04 17:53:48',0),(154,153,'baillie_llanwellyn',19,'','','D major/B minor','4/4','Moderato con Espress','piano,voice','','Also sung by composer Charles Purday.',NULL,NULL,NULL,8,'The Maid of Llanwellyn','2015-12-04 17:53:49',0),(155,154,'barrett_mask',0,'','','D flat major/B flat minor','4/4','','piano,voice','','Sung by Madame Sainton Dolby',NULL,NULL,NULL,8,'The Mask','2015-12-04 17:53:49',0),(156,155,'bishop_silk',0,'','','D major/B minor','4/4','Andantino espressivo','piano,voice','','Metadata entered by Victor Reynolds',NULL,NULL,NULL,6,'And Ye Shall Walk in Silk Attire','2015-12-04 17:53:49',0),(157,156,'bronte_eventide',1921,'To Guia','','B flat major/G minor','6/8','Andante meno mosso','piano,voice','','',NULL,NULL,NULL,6,'Eventide','2015-12-04 17:53:49',0),(158,157,'browning_cavalier',1898,'Mr. Plunket Greene','Cavalier Song','F major/D minor','4/4','Tempo di Marcia','piano,voice','','Sung by Mr. Plunket Greene',NULL,NULL,NULL,8,'King Charles','2015-12-04 17:53:49',0),(159,158,'burns_afton',1838,'','Ballad','A major/F sharp minor','3/4','Andante','piano,voice','','',NULL,NULL,NULL,4,'Flow Gently Sweet Afton','2015-12-04 17:53:49',0),(160,159,'burns_blast',0,'','Duet','B flat major/G minor','3/4','Andante','piano,voice','','Part of Two Part Songs with English & German words by Mendelssohn',NULL,NULL,NULL,6,'O Wert Thou In the Cauld Blast','2015-12-04 17:53:49',0),(161,158,'burns_gently',1838,'','Ballad','A major/F sharp minor','3/4','Andante','piano,voice','','',NULL,NULL,NULL,4,'Flow Gently Sweet Afton','2015-12-04 17:53:49',0),(162,160,'burns_wind',0,'','','B flat major/G minor','2/4','Grazioso','piano,voice','','Metadata entered by Victor Reynolds',NULL,NULL,NULL,4,'Oh Mary When the Wild Wind Blows','2015-12-04 17:53:49',0),(163,161,'byron_fare',0,'','','F major/D minor','2/4','','piano,voice','','',NULL,NULL,NULL,4,'Fare Thee Well','2015-12-04 17:53:49',0),(164,162,'byron_maid',0,'','Ballad','G major/E minor','4/4','','piano,voice','','',NULL,NULL,NULL,8,'The Maid of Athens','2015-12-04 17:53:50',0),(165,163,'byron_naxos',0,'','Greek Air','E flat major/C minor','3/4','Andante','piano,voice','','',NULL,NULL,NULL,4,'When I Left They Shores O Naxos','2015-12-04 17:53:50',0),(166,164,'byron_parted',1831,'','','C major/A minor','2/4','Andante; Espressivo','piano,voice','','',NULL,NULL,NULL,4,'When We Two Parted','2015-12-04 17:53:50',0),(167,165,'byron_roving',0,'','','D flat major/B flat minor','4/4','Andantino','piano,voice','','',NULL,NULL,NULL,8,'So We\'ll Go No More A Roving','2015-12-04 17:53:51',0),(168,166,'byron_shores',0,'','Greek Air','E flat major/C minor','3/4','Andante','piano,voice','','',NULL,NULL,NULL,4,'When I Left Thy Shores O Naxos','2015-12-04 17:53:51',0),(169,167,'byron_soul',1823,'','','E flat major/C minor','2/4','Andante','piano,voice','Maiden playing a harp for Byron','',NULL,NULL,NULL,6,'My Soul is Bare!','2015-12-04 17:53:51',0),(170,164,'byron_two',0,'','','C major/A minor','2/4','Andantino; Espressivo','piano,voice','','',NULL,NULL,NULL,4,'When We Two Parted','2015-12-04 17:53:51',0),(171,168,'byron_weep',0,'','','B flat major/G minor','2/4','Andante expressivo','piano,voice','','',NULL,NULL,NULL,4,'And With Thou Weep','2015-12-04 17:53:51',0),(172,169,'campbell_erin',1894,'','','D major/B minor','2/2','Andante Largo','piano,voice','','',NULL,NULL,NULL,4,'The Exile of Erin of Erin Go Bragh!','2015-12-04 17:53:52',0),(173,170,'campbell_love',1903,'','Duet for Soprano and Baritone','G major/E minor','4/4','Andantino grazioso, ma senza lentezza','piano,voice','','',NULL,NULL,NULL,12,'At Love\'s Beginning','2015-12-04 17:53:52',0),(174,171,'coleridge_prayeth',0,'','','D major/B minor','6/8','Andantino','piano,voice','','',NULL,NULL,NULL,8,'He Prayeth Best, Who Loveth Best','2015-12-04 17:53:52',0),(175,172,'cunningham_hame',1905,'','','D major/B minor','4/4','Andante','piano,voice','','Preceded by Trees by Joyce Kilmer',NULL,NULL,NULL,8,'Hame','2015-12-04 17:53:53',0),(176,173,'dickens_song',0,'','','F major/D minor','3/4','Andante non troppo','piano,voice','','The song was written based on a section from Bleak House by Charles Dickens.',NULL,NULL,NULL,8,'Farewell to the Old House','2015-12-04 17:53:53',0),(177,174,'dun_gems',0,'','Ballad','F major/D minor','4/4','In moderate time.','piano,voice','','Metadata entered by Victor Reynolds. Composer not listed.',NULL,NULL,NULL,6,'Will Ye No Come Back Again','2015-12-04 17:53:53',0),(178,175,'hemans_bride',0,'','','E flat major/C minor','4/4','Andante Sentimentale','piano,voice','Image of a young bride','',NULL,NULL,NULL,8,'The Bride\'s Farewell','2015-12-04 17:53:54',0),(179,176,'hemans_flowers',0,'','','E major/C sharp minor','6/8','Alegretto','piano,voice','','Metadata entered by Victor Reynolds.',NULL,NULL,NULL,4,'Bring Flowers','2015-12-04 17:53:54',0),(180,177,'hemans_tyrolese',0,'','','C major/A minor','2/4','Moderato','piano,voice','','Metadata entered by Victor Reynolds.',NULL,NULL,NULL,4,'Tyrolese Evening Hymn','2015-12-04 17:53:54',0),(181,178,'hogg_bonny',0,'','','D major/B minor','6/8','Vivace','piano,voice','','As sung by Miss Novello',NULL,NULL,NULL,4,'Bonny Prince Charlie','2015-12-04 17:53:54',0),(182,179,'howitt_apostles',0,'','A poetic address; solo or duet','E flat major/C minor','2/4','Andante e legato','piano,voice','','',NULL,NULL,NULL,6,'Band of Young Apostles','2015-12-04 17:53:54',0),(183,180,'howitt_fathers',1852,'To C. M. Cady, Esq.','','D major/B minor','4/4','Allegretto','piano,voice','','',NULL,NULL,NULL,6,'The Father\'s Coming','2015-12-04 17:53:55',0),(184,181,'howitt_forest',0,'','Cantina','E flat major/C minor','4/4','Allo. Grazioso','piano,voice','','',NULL,NULL,NULL,8,'Up! To The Forest','2015-12-04 17:53:55',0),(185,182,'hunter_recollection',0,'','','F major/D minor','3/4','Adagio','piano,voice','','',NULL,NULL,NULL,6,'Recollection','2015-12-04 17:53:55',0),(186,183,'ingelow_sparrows',0,'','','G major/E minor','12/8','Moderato','piano,voice','','Metadata entered by Victor Reynolds.',NULL,NULL,NULL,10,'When Sparrows Build','2015-12-04 17:53:55',0),(187,184,'landon_hours',1941,'To Christine Miller Clemson','','E flat major/C minor','6/8','Allegretto con motto','piano,voice','','Page 9 is a photograph of composer Robert Tempest included with the sheet music',NULL,NULL,NULL,9,'Happy Hours','2015-12-04 17:53:55',0),(188,185,'landon_snow',0,'','Duet','B flat major/G minor','3/8','Affetuoso','piano,voice','','Cover sheet information and music information are different.  Solo sung by Madame Cardori Allan.  Duet sung by Shirrett & Wilson.',NULL,NULL,NULL,10,'Where\'s the Snow, the Summer Snow','2015-12-04 17:53:55',0),(189,186,'landor_that',1913,'','','C major/A minor','3/4','Andante molto moderato','piano,voice','','Includes a short piece titled There Be None of Beaty\'s Daughters based on a poem by Byron.',NULL,NULL,NULL,6,'O That It Were So!','2015-12-04 17:53:55',0),(190,187,'lewis_banks',0,'','Ballad','B flat major/G minor','3/4','Andantino con expres','piano,voice','','Sung by Miss Stephens, Miss Paton, Miss Bruce, Madame Caradori, Miss Novello & Miss Birch',NULL,NULL,NULL,4,'The Banks of Allan Water','2015-12-04 17:53:55',0),(191,74,'lindsay_auld',0,'','Ballad','C major/A minor','2/2','','piano,voice','','Sung by Mr. Tuke at The Rotunda',NULL,NULL,NULL,2,'Auld Robin Gray','2015-12-04 17:53:55',0),(192,74,'lindsay_auldbrysson',0,'','','D major/B minor','4/4','','piano,voice','','',NULL,NULL,NULL,1,'Auld Robin Gray','2015-12-04 17:53:55',0),(193,74,'lindsay_auldfrench',0,'','','F major/D minor','4/4','Recitative','piano,voice','','as sung With the Greatest Applause by Mrs. French',NULL,NULL,NULL,4,'Auld Robin Gray','2015-12-04 17:53:56',0),(194,74,'lindsay_auldtenducci',0,'','Ballad','D major/B minor','4/4','','piano,voice','','Sung by Mr. Tenducci with instrumental parts by Signore Rauzzini',NULL,NULL,NULL,4,'Auld Robin Gray','2015-12-04 17:53:56',0),(195,74,'lindsay_sometimes',0,'','','B flat major/G minor','4/4','Andante Tranquillo','piano,voice','','',NULL,NULL,NULL,8,'Auld Robin Gray','2015-12-04 17:53:56',0),(196,188,'longfellow_arrow',0,'To the Most Nobel Marchioness of Bastings','','A major/F sharp minor','4/4','Molto Moderato','piano,voice','','',NULL,NULL,NULL,8,'The Arrow and The Song','2015-12-04 17:53:56',0),(197,189,'longfellow_bridge',0,'To Mrs. Marryat','Duet','','4/4','Andante con espressione','piano,voice','Picture of a bridge over water','Title on cover page was cut partially cut off during printing',NULL,NULL,NULL,8,'The Bridge','2015-12-04 17:53:56',0),(198,190,'longfellow_moravian',0,'Dedicated to her [Miss M. Lindsay] sister','Duet for Soprano and Contralto','A flat major/F minor','4/4','Andante con espressione','piano,voice','Image of Christian flat around flag pole with word \'Pulaski\' connected to it','',NULL,NULL,NULL,12,'Hymn of the Moravian Nuns (at the Consecration of the Banner of Pulaski)','2015-12-04 17:53:56',0),(199,191,'longfellow_ships',1914,'','','D flat major/B flat minor','5/4','Slowly and with Feeling','piano,voice','','',NULL,NULL,NULL,8,'Ships that Pass in the Night','2015-12-04 17:53:56',0),(200,192,'moore_bright',0,'','Ballad','B flat major/G minor','4/4','Moderato','piano,voice','','',NULL,NULL,NULL,6,'Oh! Do Not Look So Bright and Blest','2015-12-04 17:53:56',0),(201,193,'moore_golden',1834,'','Duet','D major/B minor','4/4','Allegro Moderato','piano,voice','','',NULL,NULL,NULL,4,'Arrayed in Clouds of Golden Light','2015-12-04 17:53:56',0),(202,194,'moore_minstrel',0,'','','F major/D minor','4/4','With Strength and Spirit','piano,voice','','Sung by Miss Paton',NULL,NULL,NULL,8,'The Minstrel Boy','2015-12-04 17:53:56',0),(203,195,'moore_miriam',0,'','','G major/E minor','6/8','Con Spirito','piano,voice','','Sung by Miss Goodall',NULL,NULL,NULL,12,'Miriam\'s Song','2015-12-04 17:53:56',0),(204,196,'moore_play',0,'','Ballad','F major/D minor','3/4','','piano,voice','','',NULL,NULL,NULL,4,'Come Play Me That Simple Air Again','2015-12-04 17:53:56',0),(205,197,'moore_rose',0,'','Duet','G major/E minor','6/8','In Moderate Time and Flowingly','piano,voice','','',NULL,NULL,NULL,8,'The Pretty Rose Tree','2015-12-04 17:53:56',0),(206,198,'norton_absolom',0,'','','D major/B minor','4/4','Tempo Di Marcia','piano,voice','','',NULL,NULL,NULL,10,'Absolom','2015-12-04 17:53:56',0),(207,199,'norton_bingen',0,'','Ballad','E flat major/C minor','6/8','','piano,voice','','',NULL,NULL,NULL,8,'Bingen on the Rhine','2015-12-04 17:53:56',0),(208,200,'norton_conner',0,'','','C major/A minor','4/4','Andante','piano,voice','','',NULL,NULL,NULL,6,'Kate Conner','2015-12-04 17:53:56',0),(209,201,'norton_bride',0,'To the Honorable Mrs. Leicester Stahnope','','A flat major/F minor','4/4','','piano,voice','','',NULL,NULL,NULL,8,'The Blind Man\'s Bride','2015-12-04 17:53:56',0),(210,202,'norton_fairyboston',0,'','Ballad','E flat major/C minor','4/4','With Expression','piano,voice','','',NULL,NULL,NULL,4,'The Fairy Bells','2015-12-04 17:53:56',0),(211,202,'norton_fairyfirth',0,'','Ballad','E flat major/C minor','4/4','With Expression','piano,voice','','',NULL,NULL,NULL,4,'The Fairy Bells','2015-12-04 17:53:56',0),(212,202,'norton_fairylondon',0,'','Ballad','E flat major/C minor','4/4','With Expression','piano,voice','','',NULL,NULL,NULL,8,'The Fairy Bells','2015-12-04 17:53:56',0),(213,202,'norton_fairyriley',0,'','Ballad','E flat major/C minor','4/4','With Expression','piano,voice','','',NULL,NULL,NULL,4,'The Fairy Bells','2015-12-04 17:53:57',0),(214,203,'norton_farewell',0,'','','','4/4','In moderate time, with impassioned feeling','piano,voice','','',NULL,NULL,NULL,4,'The Arab\'s Farewell','2015-12-04 17:53:57',0),(215,204,'norton_farewellsteed',0,'','','','4/4','In moderate time, with impassioned feeling','piano,voice','','',NULL,NULL,NULL,8,'The Arab\'s Farewell to His Favorite Steed','2015-12-04 17:53:57',0),(216,205,'norton_forget',0,'','','A flat major/F minor','3/4','Andantino','piano,voice','','',NULL,NULL,NULL,8,'They Bid Me Forget Thee','2015-12-04 17:53:57',0),(217,206,'norton_frederick',0,'','','A flat major/F minor','4/4','With Spirit and Expression','piano,voice','','',NULL,NULL,NULL,8,'King Frederick\'s Camp','2015-12-04 17:53:57',0),(218,207,'norton_friendslondon',0,'To the Countess of Jersey','Ballad','E flat major/C minor','4/4','Not Too Slow','piano,voice','','',NULL,NULL,NULL,8,'We Have Been Friends Together','2015-12-04 17:53:57',0),(219,207,'norton_friendsphiladelphia',0,'Respectfully Dedicated to Mrs. C. E. Habicht','Ballad','E major/C sharp minor','2/4','Andante Affetuoso','piano,voice','','',NULL,NULL,NULL,4,'We Have Been Friends Together','2015-12-04 17:53:57',0),(220,208,'norton_funeraldickinson',0,'Respectfully Dedicated to Mrs. C. E. Habicht','','E flat major/C minor','4/4','Not too Slow','piano,voice','Image of officer and his horse.','',NULL,NULL,NULL,4,'The Officer\'s Funeral','2015-12-04 17:53:57',0),(221,208,'norton_funeralmccaffrey',0,'','','E flat major/C minor','4/4','Not too Slow','piano,voice','','',NULL,NULL,NULL,6,'The Officer\'s Funeral','2015-12-04 17:53:57',0),(222,209,'norton_grey',0,'','Ballad of Real Life','D major/B minor','2/4','Moderato','piano,voice','','',NULL,NULL,NULL,4,'Fanny Grey','2015-12-04 17:53:57',0),(223,210,'norton_harp',0,'','','E major/C sharp minor','4/4','Andantino','piano,voice','','Metadata entered by Victor Reynolds.',NULL,NULL,NULL,8,'The Lonely Harp','2015-12-04 17:53:57',0),(224,211,'norton_juanitagreen',0,'','','D major/B minor','3/4','Allegretto','piano,voice','','Metadata entered by Victor Reynolds.',NULL,NULL,NULL,4,'Juanita','2015-12-04 17:53:57',0),(225,211,'norton_juanitapopular',0,'','','D major/B minor','3/4','Animato','piano,voice','','Metadata entered by Victor Reynolds.',NULL,NULL,NULL,8,'Juanita','2015-12-04 17:53:57',0),(226,211,'norton_juanitaspain',0,'Dedicated to the Marchioness of Stafford','','D major/B minor','3/4','Allegretto','piano,voice','','Metadata entered by Victor Reynolds. Sung by The Miss Lascelles',NULL,NULL,NULL,8,'Juanita','2015-12-04 17:53:57',0),(227,211,'norton_juanitaspanish',0,'','','D major/B minor','3/4','Allegretto','piano,voice','','Metadata entered by Victor Reynolds.',NULL,NULL,NULL,6,'Juanita','2015-12-04 17:53:57',0),(228,212,'norton_lovefirth',0,'Dedicated to the Countess of Jersey','','D major/B minor','4/4','With feeling, but not too slow','piano,voice','','Metadata entered by Victor Reynolds.',NULL,NULL,NULL,4,'I Do Not Love Thee','2015-12-04 17:53:57',0),(229,212,'norton_lovehewitt',0,'Dedicated to the Countess of Jersey','','D major/B minor','4/4','With feeling, but not too slow','piano,voice','','Metadata entered by Victor Reynolds.',NULL,NULL,NULL,4,'I Do Not Love Thee','2015-12-04 17:53:57',0),(230,213,'norton_name',0,'','Ballad','E major/C sharp minor','4/4','','piano,voice','','Metadata entered by Victor Reynolds. Music Adapted to a Scotch Air by Miss A. Cowell',NULL,NULL,NULL,8,'The Remembered Name','2015-12-04 17:53:57',0),(231,214,'norton_norah',0,'','','D flat major/B flat minor','3/4','Andante Appassionato','piano,voice','Ornate Calligraphy','Metadata entered by Victor Reynolds.',NULL,NULL,NULL,10,'Sing to Me Norah','2015-12-04 17:53:58',0),(232,215,'norton_notballad',0,'','Ballad','E major/C sharp minor','2/4','Andantino con espressione','piano,voice','','Metadata entered by Victor Reynolds.',NULL,NULL,NULL,8,'Love Not','2015-12-04 17:53:58',0),(233,215,'norton_notboston',0,'','Ballad','E major/C sharp minor','2/4','Andantino con espressione','piano,voice','','Metadata entered by Victor Reynolds. The composer is simply listed as ',NULL,NULL,NULL,4,'Love Not','2015-12-04 17:53:58',0),(234,215,'norton_notfirth',0,'','Ballad','E major/C sharp minor','2/4','Andantino con Expression','piano,voice','','Metadata entered by Victor Reynolds. The composer is simply listed as ',NULL,NULL,NULL,4,'Love Not','2015-12-04 17:53:58',0),(235,212,'norton_notlove',0,'Dedicated to the Countess of Jersey','','D major/B minor','4/4','With feeling, but not too slow','piano,voice','','Metadata entered by Victor Reynolds.',NULL,NULL,NULL,4,'I Do Not Love Thee','2015-12-04 17:53:58',0),(236,215,'norton_notpond',0,'','Ballad','E major/C sharp minor','2/4','Andantino con espressione','piano,voice','','',NULL,NULL,NULL,4,'Love Not','2015-12-04 17:53:58',0),(237,216,'norton_now',0,'','','F major/D minor','6/8','Andante Effetuoso','piano,voice','','Metadata entered by Victor Reynolds.',NULL,NULL,NULL,4,'Love Now','2015-12-04 17:53:58',0),(238,217,'norton_spell',0,'','','E major/C sharp minor','4/4','','piano,voice','','Metadata entered by Victor Reynolds.',NULL,NULL,NULL,4,'Thy Name Was Once a Magic Spell','2015-12-04 17:53:58',0),(239,218,'norton_theebenteen',0,'','','E flat major/C minor','2/4','Con molto espressione','piano,voice','','Metadata entered by Victor Reynolds.',NULL,NULL,NULL,6,'Would I Were with Thee','2015-12-04 17:53:58',0),(240,218,'norton_theebosetti',0,'','','F major/D minor','4/4','Moderato','piano,voice','','Metadata entered by Victor Reynolds. Publisher city not listed.',NULL,NULL,NULL,2,'Would I Were with Thee','2015-12-04 17:53:58',0),(241,218,'norton_theeboston',0,'','','F major/D minor','4/4','Moderato','piano,voice','Man holding a lute looking into the distance.','Metadata entered by Victor Reynolds. Publisher listed as ',NULL,NULL,NULL,6,'Would I Were with Thee','2015-12-04 17:53:58',0),(242,218,'norton_theephiladelphia',0,'','','F major/D minor','4/4','Moderato','piano,voice','Man holding a lute looking into the distance.','Metadata entered by Victor Reynolds. Publisher listed as ',NULL,NULL,NULL,6,'Would I Were with Thee','2015-12-04 17:53:58',0),(243,219,'norton_tyrolianny',0,'','Tyrolian Ballad','F major/D minor','3/4','','piano,voice','','Metadata entered by Victor Reynolds.',NULL,NULL,NULL,4,'Oh, Take Me Back to Switzerland','2015-12-04 17:53:58',0),(244,219,'norton_tyrolianphiladelphia',0,'','Tyrolian Ballad','F major/D minor','3/4','','piano,voice','','Metadata entered by Victor Reynolds.',NULL,NULL,NULL,4,'Oh, Take Me Back to Switzerland','2015-12-04 17:53:58',0),(245,220,'oliphant_auld',0,'','Scotch Ballad','A flat major/F minor','4/4','Slow and Plaintive (Voice); Andante (Piano)','piano,voice','Illustration of a large house surrounded by trees.','Metadata entered by Victor Reynolds.',NULL,NULL,NULL,8,'The Auld House','2015-12-04 17:53:58',0),(246,221,'payne_home',0,'','','E flat major/C minor','2/4','Andante Larghetto','piano,voice','','Metadata entered by Victor Reynolds.',NULL,NULL,NULL,8,'Home! Sweet Home','2015-12-04 17:53:58',0),(247,222,'pope_spark',0,'','Ode','A flat major/F minor','4/4','Slow','piano,voice','','Metadata entered by Victor Reynolds.',NULL,NULL,NULL,6,'Vital Spark of Heavenly Flame','2015-12-04 17:53:58',0),(248,223,'procter_admiral',0,'','','D major/B minor','4/4','Allegro','piano,voice','','Metadata entered by Victor Reynolds. ',NULL,NULL,NULL,10,'The Return of the Admiral','2015-12-04 17:53:58',0),(249,224,'rossetti_birthdayad',1920,'','','C major/A minor','2/4','Poco Allegretto ma apasionato','piano,voice','','Metadata entered by Victor Reynolds.',NULL,NULL,NULL,8,'A Birthday','2015-12-04 17:53:58',0),(250,224,'rossetti_birthdaygreen',1909,'Mrs. Corinne Rider-Kelsey','','D flat major/B flat minor','4/4','Allegro appassionato','piano,voice','','Metadata entered by Victor Reynolds.',NULL,NULL,NULL,6,'A Birthday','2015-12-04 17:53:58',0),(251,225,'rossetti_birthdayhames',1920,'','','B flat major/G minor','2/4','Poco Allegretto ma apasionato','piano,voice','','Metadata entered by Victor Reynolds. This version is in a different key and also has lyrics in German.',NULL,NULL,NULL,8,'A Birthday/Ein Guberstag','2015-12-04 17:53:59',0),(252,224,'rossetti_birthdayhigh',1909,'Mrs. Corinne Rider-Kelsey','','D flat major/B flat minor','4/4','Allegro appassionato','piano,voice','','Metadata entered by Victor Reynolds. This is essentially a reprinting of rossetti_green, but in a different collection.',NULL,NULL,NULL,6,'A Birthday','2015-12-04 17:53:59',0),(253,224,'rossetti_birthdaylondon',0,'','','A flat major/F minor','4/4','Allegro appassionato','piano,voice','','Metadata entered by Victor Reynolds. Multiple dates are listed on this document, including 1909 and 1936.',NULL,NULL,NULL,6,'A Birthday','2015-12-04 17:53:59',0),(254,226,'rossetti_easter',1917,'Ralph Vaughan Williams','','C major/A minor','2/2','Allegro vivace','piano,voice','','Metadata entered by Victor Reynolds. Multiple dates are listed on this document, including 1909 and 1936.',NULL,NULL,NULL,8,'Easter Carol','2015-12-04 17:53:59',0),(255,227,'rossetti_echo',0,'','','G major/E minor','4/4','Adagio con espressione','piano,voice','','Metadata entered by Victor Reynolds.',NULL,NULL,NULL,8,'Echo','2015-12-04 17:53:59',0),(256,228,'rossetti_lullabyscott',1908,'Guy and Marie Harben','','F major/D minor','4/4','Allegretto grazioso','piano,voice','','Metadata entered by Victor Reynolds.',NULL,NULL,NULL,8,'Lullaby','2015-12-04 17:53:59',0),(257,228,'rossetti_lullabyvera',0,'Guy and Marie Harben','','E flat major/C minor','4/4','Allegretto grazioso','piano,voice','','Metadata entered by Victor Reynolds.  This appears to be a version of rossetti_lullabyscott in a different key from a different publisher but still with endorsment from the other one. Also has the name ',NULL,NULL,NULL,8,'Lullaby','2015-12-04 17:53:59',0),(258,224,'rossetti_methven',1920,'','','C major/A minor','2/4','Poco Allegretto ma apasionato','piano,voice','','Metadata entered by Victor Reynolds. This is another version of rossetti_birthday. It has a very faint stamp from another publisher on the page.',NULL,NULL,NULL,8,'A Birthday','2015-12-04 17:53:59',0),(259,229,'rossetti_roses',1909,'','','A flat major/F minor','4/4','Moderato ma non troppo','piano,voice','','Metadata entered by Victor Reynolds. This is another version of rossetti_birthday. It has a very faint stamp from another publisher on the page.',NULL,NULL,NULL,8,'Unmindful of the Roses','2015-12-04 17:53:59',0),(260,230,'rossetti_silent',1903,'','','G major/E minor','3/4','Largo sostenuto; Poco pia mosso; Quasi recita','piano,voice','','Metadata entered by Victor Reynolds.',NULL,NULL,NULL,8,'Silent Noon','2015-12-04 17:53:59',0),(261,231,'rossetti_summer',1917,'James Pryde','','G major/E minor','2/4','Allegretto Vivace; Andante tenerezza e cantab','piano,voice','','Metadata entered by Victor Reynolds.',NULL,NULL,NULL,9,'Summer','2015-12-04 17:53:59',0),(262,232,'scott_brignal',0,'','','D major/B minor','2/4','Andante quasi allegretto; Con spirito','piano,voice','','Metadata entered by Victor Reynolds.',NULL,NULL,NULL,4,'Brignal Banks','2015-12-04 17:53:59',0),(263,233,'scott_chief',0,'','','D major/B minor','4/4','Allegro','piano,voice','','Metadata entered by Victor Reynolds.',NULL,NULL,NULL,4,'Hail to the Chief','2015-12-04 17:53:59',0),(264,234,'shelley_divine',1908,'','','G major/E minor','9/8','Moderato con molto espressione; Meno mosso es','piano,voice','','Metadata entered by Victor Reynolds. Composer simply listed as ',NULL,NULL,NULL,8,'By Law Divine','2015-12-04 17:53:59',0),(265,235,'shelley_dreams',1875,'','','A flat major/F minor','6/8','Andante Espressive','piano,voice','','Metadata entered by Victor Reynolds. Composer simply listed as ',NULL,NULL,NULL,8,'I Arise from Dreams of Thee','2015-12-04 17:53:59',0),(266,235,'shelley_dreamsserenade',0,'Respectfully inscribed to Professor Sterndale','Serenade','A flat major/F minor','9/8','Allegretto con espressione','piano,voice','','Metadata entered by Victor Reynolds. Composer simply listed as ',NULL,NULL,NULL,10,'I Arise from Dreams of Thee','2015-12-04 17:53:59',0),(267,236,'shelley_mary',0,'Annie Compton','','B flat major/G minor','4/4','Andantino arioso','piano,voice','','Metadata entered by Victor Reynolds. Dedicated to my sister Annie Compton',NULL,NULL,NULL,8,'To Mary','2015-12-04 17:53:59',0),(268,237,'sigourney_oak',0,'Dr. John D. Russ','Ballad','F major/D minor','4/4','Andante e con Espressione','piano,voice','Illustration of a large tree next to a house and a river','Metadata entered by Victor Reynolds.',NULL,NULL,NULL,8,'The Charter Oak','2015-12-04 17:53:59',0),(269,238,'taylor_play',0,'','','G major/E minor','6/8','Allegro ma non troppo','piano,voice','Drawing of a girl singing with a very ornate circular frame','Metadata entered by Victor Reynolds.  This piece has a particularly nice cover illustration.',NULL,NULL,NULL,8,'Who\'ll Come and Play with Me?','2015-12-04 17:53:59',0),(270,239,'tennyson_brook',0,'Lady Prescott','','D major/B minor','4/4','Vivace','piano,voice','','Metadata entered by Victor Reynolds. Composer simply listed as ',NULL,NULL,NULL,10,'The Brook','2015-12-04 17:53:59',0),(271,240,'tennyson_crossing',1893,'','','A flat major/F minor','4/4','Slow and expressive','piano,voice','','Metadata entered by Victor Reynolds. Composer simply listed as ',NULL,NULL,NULL,6,'Crossing the Bar','2015-12-04 17:54:00',0),(272,241,'tennyson_daughter',0,'','','F major/D minor','2/4','Moderato','piano,voice','A windmill and a banner of the title of the piece','Metadata entered by Victor Reynolds. Composer simply listed as ',NULL,NULL,NULL,6,'It Is the Miller\'s Daughter','2015-12-04 17:54:00',0),(273,242,'tennyson_gardenbalfe',1905,'','Cavatina','C major/A minor','4/4','Dolce','piano,voice','Calligraphy with the capital letters of the title being made of branches','Metadata entered by Victor Reynolds. Composer simply listed as ',NULL,NULL,NULL,4,'Come into the Garden Maud','2015-12-04 17:54:00',0),(274,243,'tennyson_may',1845,'Lewis Gaylord Clark, Esq. of New York','Cantata in Three Parts','','4/4; 6/8','Adagio; Allegretto Leggiero','piano,voice','','Metadata entered by Victor Reynolds. Composer simply listed as ',NULL,NULL,NULL,10,'The May Queen','2015-12-04 17:54:00',0),(275,244,'tennyson_sacred',0,'Mrs. Charles Powell','','E flat major/C minor','4/4','Andante Larghetto','piano,voice','Ornate calligraphy','Metadata entered by Victor Reynolds. Composer simply listed as ',NULL,NULL,NULL,8,'Too Late, Too Late, Ye Cannot Enter Now','2015-12-04 17:54:00',0),(276,245,'white_eye',0,'','','F major/D minor','6/8','Allegro Moderato','piano,voice','','Metadata entered by Victor Reynolds. Sung by Mrs. Franks',NULL,NULL,NULL,8,'The Laughing Eye','2015-12-04 17:54:00',0),(277,246,'wilson_fairy',0,'','Cansonet','G major/E minor','2/4','Allegretto','piano,voice','','Metadata entered by Victor Reynolds.',NULL,NULL,NULL,6,'Come to My Fairy Home','2015-12-04 17:54:00',0),(278,247,'wilson_moon',0,'Mr. John Barnett','Serenade','F major/D minor','3/4','Andantino','piano,voice','Man next to a castle looking into the sky','Metadata entered by Victor Reynolds.  ',NULL,NULL,NULL,6,'The Moon Is Up','2015-12-04 17:54:00',0),(279,248,'wordsworth_cloud',0,'','','E flat major/C minor','3/4','Allegretto','piano,voice','','Metadata entered by Victor Reynolds.',NULL,NULL,NULL,8,'I Wandered Lonely As a Cloud','2015-12-04 17:54:00',0),(280,215,'Sheet1',0,'','Ballad','E major/C sharp minor','2/4','Andantino con espressione','piano,voice','','Metadata entered by Victor Reynolds.',NULL,NULL,NULL,0,'Love Not','2015-12-04 17:54:00',0);
/*!40000 ALTER TABLE `Score` ENABLE KEYS */;
UNLOCK TABLES;

--
-- Table structure for table `Work`
--

DROP TABLE IF EXISTS `Work`;
/*!40101 SET @saved_cs_client     = @@character_set_client */;
/*!40101 SET character_set_client = utf8 */;
CREATE TABLE `Work` (
  `id` int(10) unsigned NOT NULL AUTO_INCREMENT,
  `ref_id` varchar(100) DEFAULT NULL COMMENT 'The user key that we will identify a piece of sheet music with. E.g. barrett_mask.',
  `title` varchar(150) DEFAULT NULL,
  `year` year(4) DEFAULT NULL COMMENT 'Year the work was written (not available from current data)',
  `subject` varchar(250) DEFAULT NULL,
  `date_added` timestamp NULL DEFAULT CURRENT_TIMESTAMP,
  PRIMARY KEY (`id`),
  UNIQUE KEY `w_key_UNIQUE` (`id`),
  UNIQUE KEY `ref_id_UNIQUE` (`ref_id`)
) ENGINE=InnoDB AUTO_INCREMENT=249 DEFAULT CHARSET=utf8;
/*!40101 SET character_set_client = @saved_cs_client */;

--
-- Dumping data for table `Work`
--

LOCK TABLES `Work` WRITE;
/*!40000 ALTER TABLE `Work` DISABLE KEYS */;
INSERT INTO `Work` VALUES (1,NULL,'O Raging Withering Blast',NULL,NULL,'2015-12-04 17:49:32'),(2,NULL,'O Logie O\' Buchan',NULL,NULL,'2015-12-04 17:49:32'),(3,NULL,'The Young Highland Rover',NULL,NULL,'2015-12-04 17:49:32'),(4,NULL,'For Lack of Gold',NULL,NULL,'2015-12-04 17:49:32'),(5,NULL,'My Lady\'s Gown There\'s Gares Upon\'t',NULL,NULL,'2015-12-04 17:49:33'),(6,NULL,'This is No my Ain Lassie',NULL,NULL,'2015-12-04 17:49:33'),(7,NULL,'The Carle He Cam O\'er the Craft',NULL,NULL,'2015-12-04 17:49:33'),(8,NULL,'A Highland Lad my Love was Born',NULL,NULL,'2015-12-04 17:49:33'),(9,NULL,'Joy of my Earliest Days',NULL,NULL,'2015-12-04 17:49:33'),(10,NULL,'My Native Caledonia',NULL,NULL,'2015-12-04 17:49:33'),(11,NULL,'My Tocher\'s the Jewel',NULL,NULL,'2015-12-04 17:49:33'),(12,NULL,'My Bonnie Mary',NULL,NULL,'2015-12-04 17:49:33'),(13,NULL,'Fare Thee Weel, Thou First and Fairest',NULL,NULL,'2015-12-04 17:49:33'),(14,NULL,'Fare Thee Weel, Thou First and Fairest 2nd Set',NULL,NULL,'2015-12-04 17:49:33'),(15,NULL,'John Anderson my Jo',NULL,NULL,'2015-12-04 17:49:33'),(16,NULL,'For a\' That, and a\' That',NULL,NULL,'2015-12-04 17:49:33'),(17,NULL,'Again Rejoicing Nature',NULL,NULL,'2015-12-04 17:49:33'),(18,NULL,'The Flowers of the Forest',NULL,NULL,'2015-12-04 17:49:33'),(19,NULL,'Highland Mary',NULL,NULL,'2015-12-04 17:49:33'),(20,NULL,'The Ploughman',NULL,NULL,'2015-12-04 17:49:33'),(21,NULL,'Ye Banks and Braes O\' Bonnie Doon',NULL,NULL,'2015-12-04 17:49:33'),(22,NULL,'Bess and Her Spinning-Wheel',NULL,NULL,'2015-12-04 17:49:33'),(23,NULL,'Craigie_Burn Wood',NULL,NULL,'2015-12-04 17:49:33'),(24,NULL,'Eppie Adair',NULL,NULL,'2015-12-04 17:49:33'),(25,NULL,'The Foray',NULL,NULL,'2015-12-04 17:49:33'),(26,NULL,'Dirge of a Highland Chief. Who was Executed after the defeat of Prince Charles',NULL,NULL,'2015-12-04 17:49:34'),(27,NULL,'She\'s Fair and Fause',NULL,NULL,'2015-12-04 17:49:34'),(28,NULL,'O Lay Thy Loof in Nine, Lass',NULL,NULL,'2015-12-04 17:49:34'),(29,NULL,'Gala Water',NULL,NULL,'2015-12-04 17:49:34'),(30,NULL,'Charlie is my Darling',NULL,NULL,'2015-12-04 17:49:34'),(31,NULL,'O Poortith Cauld And Restless Love',NULL,NULL,'2015-12-04 17:49:34'),(32,NULL,'My Wife\'s a Winsome Wee Thing',NULL,NULL,'2015-12-04 17:49:34'),(33,NULL,'Sensibility How Charming!',NULL,NULL,'2015-12-04 17:49:34'),(34,NULL,'The Braes O\' Ballochmyle',NULL,NULL,'2015-12-04 17:49:34'),(35,NULL,'What Ails This Heart O\' Mine?',NULL,NULL,'2015-12-04 17:49:34'),(36,NULL,'The Lass of Ecclefechan',NULL,NULL,'2015-12-04 17:49:34'),(37,NULL,'O! Wert Thou in the Cauld Blast',NULL,NULL,'2015-12-04 17:49:34'),(38,NULL,'True-Hearted was he, The Sad Swain O\' The Yarrow',NULL,NULL,'2015-12-04 17:49:34'),(39,NULL,'What\'s A\' the Steer, Kimmer?',NULL,NULL,'2015-12-04 17:49:34'),(40,NULL,'O, Saw Ye Bonnie Lesley?',NULL,NULL,'2015-12-04 17:49:34'),(41,NULL,'A Rose Bud by my Early Walk',NULL,NULL,'2015-12-04 17:49:34'),(42,NULL,'Charlie\'s Farewell',NULL,NULL,'2015-12-04 17:49:34'),(43,NULL,'What Will I Do Gin My Hoggie Die',NULL,NULL,'2015-12-04 17:49:34'),(44,NULL,'The Winter of Life',NULL,NULL,'2015-12-04 17:49:34'),(45,NULL,'The Soldier\'s Return',NULL,NULL,'2015-12-04 17:49:34'),(46,NULL,'My Collier Laddie',NULL,NULL,'2015-12-04 17:49:34'),(47,NULL,'Strathallan\'s Lament',NULL,NULL,'2015-12-04 17:49:35'),(48,NULL,'Thou Hast Left Me Ever Jamie',NULL,NULL,'2015-12-04 17:49:35'),(49,NULL,'Woo\'d And Married and A\'',NULL,NULL,'2015-12-04 17:49:35'),(50,NULL,'Auld Rob Morris',NULL,NULL,'2015-12-04 17:49:35'),(51,NULL,'John Tod',NULL,NULL,'2015-12-04 17:49:35'),(52,NULL,'The Gloomy Night is Gath\'ring Fast',NULL,NULL,'2015-12-04 17:49:35'),(53,NULL,'O Check, my Love, the Falling Tear',NULL,NULL,'2015-12-04 17:49:35'),(54,NULL,'O Stay, Sweet Warbling Woodlark Stay!',NULL,NULL,'2015-12-04 17:49:35'),(55,NULL,'My Nanny O',NULL,NULL,'2015-12-04 17:49:35'),(56,NULL,'The Highland Widow\'s Lament',NULL,NULL,'2015-12-04 17:49:35'),(57,NULL,'Birks of Aberfeldy',NULL,NULL,'2015-12-04 17:49:35'),(58,NULL,'Stay, My Charmer, Can you Leave Me?',NULL,NULL,'2015-12-04 17:49:35'),(59,NULL,'Hey Donald! How Donald!',NULL,NULL,'2015-12-04 17:49:35'),(60,NULL,'Mark Younder Pomp of Costly Fashion',NULL,NULL,'2015-12-04 17:49:35'),(61,NULL,'O Lassie I Maun Lo\'e Thee',NULL,NULL,'2015-12-04 17:49:35'),(62,NULL,'Auld Lang Syne',NULL,NULL,'2015-12-04 17:49:35'),(63,NULL,'Farewell, Thou Stream, That Winding Flows',NULL,NULL,'2015-12-04 17:49:35'),(64,NULL,'As I Stood by Youn Roofless Tower',NULL,NULL,'2015-12-04 17:49:35'),(65,NULL,'There\'ll Never Be Peace Till Jamie comes Hame',NULL,NULL,'2015-12-04 17:49:35'),(66,NULL,'O, Tibbie, I have Seen the Day',NULL,NULL,'2015-12-04 17:49:35'),(67,NULL,'Lord Gregory',NULL,NULL,'2015-12-04 17:51:46'),(68,NULL,'Can Aught Be Constant as The Sun',NULL,NULL,'2015-12-04 17:51:46'),(69,NULL,'The Day Returns',NULL,NULL,'2015-12-04 17:51:47'),(70,NULL,'The Dream',NULL,NULL,'2015-12-04 17:51:47'),(71,NULL,'It Was A\' For Our Rightfu\' King',NULL,NULL,'2015-12-04 17:51:47'),(72,NULL,'Of A\' The Airts The Win\' Can Blaw',NULL,NULL,'2015-12-04 17:51:47'),(73,NULL,'MacPherson\'s Farewell',NULL,NULL,'2015-12-04 17:51:47'),(74,NULL,'Auld Robin Gray',NULL,NULL,'2015-12-04 17:51:47'),(75,NULL,'Blythe, Blythe and Merry Was She',NULL,NULL,'2015-12-04 17:51:47'),(76,NULL,'Battlin, Roarin Willie',NULL,NULL,'2015-12-04 17:51:47'),(77,NULL,'The Banks of The Devon',NULL,NULL,'2015-12-04 17:51:47'),(78,NULL,'The Laird O\' Cockpen',NULL,NULL,'2015-12-04 17:51:47'),(79,NULL,'Will Ye Go to The Ewe Bughts Marion',NULL,NULL,'2015-12-04 17:51:47'),(80,NULL,'Beware O\' Bonnie Ann',NULL,NULL,'2015-12-04 17:51:47'),(81,NULL,'Lament of Mary, Queen of Scots, on the Approach of Spring',NULL,NULL,'2015-12-04 17:51:47'),(82,NULL,'Musing On The Roaring Ocean',NULL,NULL,'2015-12-04 17:51:48'),(83,NULL,'Bonnie Wee Thing',NULL,NULL,'2015-12-04 17:51:48'),(84,NULL,'Wilt Thou Be My Dearie.',NULL,NULL,'2015-12-04 17:51:48'),(85,NULL,'Thou Ling\'ring Star.',NULL,NULL,'2015-12-04 17:51:48'),(86,NULL,'Kenmure\'s On And Awa.',NULL,NULL,'2015-12-04 17:51:48'),(87,NULL,'When Braving Angry Winter\'s Storms.',NULL,NULL,'2015-12-04 17:51:48'),(88,NULL,'O, Wat Ye Wha\'s in Yon Town?',NULL,NULL,'2015-12-04 17:51:48'),(89,NULL,'My Love is Like a Red Red Rose.',NULL,NULL,'2015-12-04 17:51:48'),(90,NULL,'The Weary Pund O\' Town.',NULL,NULL,'2015-12-04 17:51:48'),(91,NULL,'In Simmer When The Hay Was Mawn.',NULL,NULL,'2015-12-04 17:51:48'),(92,NULL,'The Scottish Minstrel: A Selection from the Vocal Melodies of Scotland, Ancient and Modern, Arranged for the Voice and Piano Forte',NULL,NULL,'2015-12-04 17:51:48'),(93,NULL,'My Heart\'s In The Highlands.',NULL,NULL,'2015-12-04 17:51:48'),(94,NULL,'The Exile of Uldoonan',NULL,NULL,'2015-12-04 17:51:48'),(95,NULL,'Caller Herrin',NULL,NULL,'2015-12-04 17:51:48'),(96,NULL,'Blue-Eyed Ann',NULL,NULL,'2015-12-04 17:51:48'),(97,NULL,'Our Ain Countrie',NULL,NULL,'2015-12-04 17:51:48'),(98,NULL,'The Quaker\'s Wife',NULL,NULL,'2015-12-04 17:51:48'),(99,NULL,'Turn Again, Thou Fair Eliza',NULL,NULL,'2015-12-04 17:51:49'),(100,NULL,'To Daunton Me',NULL,NULL,'2015-12-04 17:51:49'),(101,NULL,'From Thee, Eliza, I must go',NULL,NULL,'2015-12-04 17:51:49'),(102,NULL,'Ca\' The Ewes to The Knowes',NULL,NULL,'2015-12-04 17:51:49'),(103,NULL,'Where Are Ye Gaun, Thou Bluidy Duke?',NULL,NULL,'2015-12-04 17:51:49'),(104,NULL,'Bruce\'s Address to His Army',NULL,NULL,'2015-12-04 17:51:49'),(105,NULL,'My Love Has Foresaken Me',NULL,NULL,'2015-12-04 17:51:49'),(106,NULL,'Lovely Polly Stewart',NULL,NULL,'2015-12-04 17:51:49'),(107,NULL,'The Bonnie Lad That\'s Far Awa',NULL,NULL,'2015-12-04 17:51:49'),(108,NULL,'Gloomy December',NULL,NULL,'2015-12-04 17:51:49'),(109,NULL,'My Ronald Was A Gallant Gay',NULL,NULL,'2015-12-04 17:51:49'),(110,NULL,'There Was a Lad Was Born in Kyle',NULL,NULL,'2015-12-04 17:53:15'),(111,NULL,'Blue Bonnets',NULL,NULL,'2015-12-04 17:53:15'),(112,NULL,'The Diel\'s Awa Wi\' The Exciseman',NULL,NULL,'2015-12-04 17:53:15'),(113,NULL,'Caller Herrin\'',NULL,NULL,'2015-12-04 17:53:15'),(114,NULL,'Jockey\'s Ta\'en the Parting Kiss',NULL,NULL,'2015-12-04 17:53:15'),(115,NULL,'O Bonnie Lassie Come  over the Burn',NULL,NULL,'2015-12-04 17:53:15'),(116,NULL,'The Veterans',NULL,NULL,'2015-12-04 17:53:15'),(117,NULL,'Lassie Wi\' the Lint-White Locks',NULL,NULL,'2015-12-04 17:53:15'),(118,NULL,'The Lass of Livingstone',NULL,NULL,'2015-12-04 17:53:15'),(119,NULL,'My Peggy\'s Face',NULL,NULL,'2015-12-04 17:53:16'),(120,NULL,'Merry May the Keel Row',NULL,NULL,'2015-12-04 17:53:16'),(121,NULL,'The Lovely Lass of Inverness',NULL,NULL,'2015-12-04 17:53:16'),(122,NULL,'Sae Far Awa',NULL,NULL,'2015-12-04 17:53:16'),(123,NULL,'Willie Brew\'d a Peck o\' Maut',NULL,NULL,'2015-12-04 17:53:16'),(124,NULL,'Now Bank and Brae',NULL,NULL,'2015-12-04 17:53:16'),(125,NULL,'The Gallant Weaver',NULL,NULL,'2015-12-04 17:53:17'),(126,NULL,'O Mally\'s Meek, Mally\'s Sweet',NULL,NULL,'2015-12-04 17:53:17'),(127,NULL,'The Sun Is Setting on Sweet Glengary',NULL,NULL,'2015-12-04 17:53:17'),(128,NULL,'The Dumfries Volunteers',NULL,NULL,'2015-12-04 17:53:17'),(129,NULL,'Nae Gentle Dames, Tho\' E\'er Sae Fair',NULL,NULL,'2015-12-04 17:53:17'),(130,NULL,'It Is Na, Jean, Thy Bonnie Face',NULL,NULL,'2015-12-04 17:53:17'),(131,NULL,'Tam Glen',NULL,NULL,'2015-12-04 17:53:17'),(132,NULL,'Oran-An-Aoig, or The Song of Death',NULL,NULL,'2015-12-04 17:53:17'),(133,NULL,'Afton Water',NULL,NULL,'2015-12-04 17:53:17'),(134,NULL,'Saw Ye Ne\'er A Lanely Lassie',NULL,NULL,'2015-12-04 17:53:18'),(135,NULL,'Pibroch of Donuil Dhu',NULL,NULL,'2015-12-04 17:53:18'),(136,NULL,'With Silent Time Wi\' Lightly Foot',NULL,NULL,'2015-12-04 17:53:18'),(137,NULL,'Loch-Na-Garr',NULL,NULL,'2015-12-04 17:53:18'),(138,NULL,'St. Andrew\'s Toune',NULL,NULL,'2015-12-04 17:53:18'),(139,NULL,'Fareweel Edinburgh',NULL,NULL,'2015-12-04 17:53:18'),(140,NULL,'A Stately Ship Is on the Sea',NULL,NULL,'2015-12-04 17:53:18'),(141,NULL,'O, Saw Ye My Father?',NULL,NULL,'2015-12-04 17:53:19'),(142,NULL,'Where Are the Joys?',NULL,NULL,'2015-12-04 17:53:19'),(143,NULL,'Bessy and Her Spinning Wheel',NULL,NULL,'2015-12-04 17:53:19'),(144,NULL,'Wilt Though Go Wi\' Me',NULL,NULL,'2015-12-04 17:53:19'),(145,NULL,'How Lang and Dreary Is the Night',NULL,NULL,'2015-12-04 17:53:19'),(146,NULL,'Cauld Blaws the Win\'',NULL,NULL,'2015-12-04 17:53:19'),(147,NULL,'Macgregor\'s Gathering',NULL,NULL,'2015-12-04 17:53:19'),(148,NULL,'O for Ane and Twenty, Tam!',NULL,NULL,'2015-12-04 17:53:19'),(149,NULL,'Bonnie Bell',NULL,NULL,'2015-12-04 17:53:19'),(150,NULL,'Could Aught of Song',NULL,NULL,'2015-12-04 17:53:19'),(151,NULL,'O Swiftly Glides the Bonny Boat',NULL,NULL,'2015-12-04 17:53:48'),(152,NULL,'The Chouch & Crow To Roost Are Gone',NULL,NULL,'2015-12-04 17:53:48'),(153,NULL,'The Maid of Llanwellyn',NULL,NULL,'2015-12-04 17:53:49'),(154,NULL,'The Mask',NULL,NULL,'2015-12-04 17:53:49'),(155,NULL,'And Ye Shall Walk in Silk Attire',NULL,NULL,'2015-12-04 17:53:49'),(156,NULL,'Eventide',NULL,NULL,'2015-12-04 17:53:49'),(157,NULL,'King Charles',NULL,NULL,'2015-12-04 17:53:49'),(158,NULL,'Flow Gently Sweet Afton',NULL,NULL,'2015-12-04 17:53:49'),(159,NULL,'O Wert Thou In the Cauld Blast',NULL,NULL,'2015-12-04 17:53:49'),(160,NULL,'Oh Mary When the Wild Wind Blows',NULL,NULL,'2015-12-04 17:53:49'),(161,NULL,'Fare Thee Well',NULL,NULL,'2015-12-04 17:53:49'),(162,NULL,'The Maid of Athens',NULL,NULL,'2015-12-04 17:53:49'),(163,NULL,'When I Left They Shores O Naxos',NULL,NULL,'2015-12-04 17:53:50'),(164,NULL,'When We Two Parted',NULL,NULL,'2015-12-04 17:53:50'),(165,NULL,'So We\'ll Go No More A Roving',NULL,NULL,'2015-12-04 17:53:51'),(166,NULL,'When I Left Thy Shores O Naxos',NULL,NULL,'2015-12-04 17:53:51'),(167,NULL,'My Soul is Bare!',NULL,NULL,'2015-12-04 17:53:51'),(168,NULL,'And With Thou Weep',NULL,NULL,'2015-12-04 17:53:51'),(169,NULL,'The Exile of Erin of Erin Go Bragh!',NULL,NULL,'2015-12-04 17:53:52'),(170,NULL,'At Love\'s Beginning',NULL,NULL,'2015-12-04 17:53:52'),(171,NULL,'He Prayeth Best, Who Loveth Best',NULL,NULL,'2015-12-04 17:53:52'),(172,NULL,'Hame',NULL,NULL,'2015-12-04 17:53:53'),(173,NULL,'Farewell to the Old House',NULL,NULL,'2015-12-04 17:53:53'),(174,NULL,'Will Ye No Come Back Again',NULL,NULL,'2015-12-04 17:53:53'),(175,NULL,'The Bride\'s Farewell',NULL,NULL,'2015-12-04 17:53:54'),(176,NULL,'Bring Flowers',NULL,NULL,'2015-12-04 17:53:54'),(177,NULL,'Tyrolese Evening Hymn',NULL,NULL,'2015-12-04 17:53:54'),(178,NULL,'Bonny Prince Charlie',NULL,NULL,'2015-12-04 17:53:54'),(179,NULL,'Band of Young Apostles',NULL,NULL,'2015-12-04 17:53:54'),(180,NULL,'The Father\'s Coming',NULL,NULL,'2015-12-04 17:53:55'),(181,NULL,'Up! To The Forest',NULL,NULL,'2015-12-04 17:53:55'),(182,NULL,'Recollection',NULL,NULL,'2015-12-04 17:53:55'),(183,NULL,'When Sparrows Build',NULL,NULL,'2015-12-04 17:53:55'),(184,NULL,'Happy Hours',NULL,NULL,'2015-12-04 17:53:55'),(185,NULL,'Where\'s the Snow, the Summer Snow',NULL,NULL,'2015-12-04 17:53:55'),(186,NULL,'O That It Were So!',NULL,NULL,'2015-12-04 17:53:55'),(187,NULL,'The Banks of Allan Water',NULL,NULL,'2015-12-04 17:53:55'),(188,NULL,'The Arrow and The Song',NULL,NULL,'2015-12-04 17:53:56'),(189,NULL,'The Bridge',NULL,NULL,'2015-12-04 17:53:56'),(190,NULL,'Hymn of the Moravian Nuns (at the Consecration of the Banner of Pulaski)',NULL,NULL,'2015-12-04 17:53:56'),(191,NULL,'Ships that Pass in the Night',NULL,NULL,'2015-12-04 17:53:56'),(192,NULL,'Oh! Do Not Look So Bright and Blest',NULL,NULL,'2015-12-04 17:53:56'),(193,NULL,'Arrayed in Clouds of Golden Light',NULL,NULL,'2015-12-04 17:53:56'),(194,NULL,'The Minstrel Boy',NULL,NULL,'2015-12-04 17:53:56'),(195,NULL,'Miriam\'s Song',NULL,NULL,'2015-12-04 17:53:56'),(196,NULL,'Come Play Me That Simple Air Again',NULL,NULL,'2015-12-04 17:53:56'),(197,NULL,'The Pretty Rose Tree',NULL,NULL,'2015-12-04 17:53:56'),(198,NULL,'Absolom',NULL,NULL,'2015-12-04 17:53:56'),(199,NULL,'Bingen on the Rhine',NULL,NULL,'2015-12-04 17:53:56'),(200,NULL,'Kate Conner',NULL,NULL,'2015-12-04 17:53:56'),(201,NULL,'The Blind Man\'s Bride',NULL,NULL,'2015-12-04 17:53:56'),(202,NULL,'The Fairy Bells',NULL,NULL,'2015-12-04 17:53:56'),(203,NULL,'The Arab\'s Farewell',NULL,NULL,'2015-12-04 17:53:57'),(204,NULL,'The Arab\'s Farewell to His Favorite Steed',NULL,NULL,'2015-12-04 17:53:57'),(205,NULL,'They Bid Me Forget Thee',NULL,NULL,'2015-12-04 17:53:57'),(206,NULL,'King Frederick\'s Camp',NULL,NULL,'2015-12-04 17:53:57'),(207,NULL,'We Have Been Friends Together',NULL,NULL,'2015-12-04 17:53:57'),(208,NULL,'The Officer\'s Funeral',NULL,NULL,'2015-12-04 17:53:57'),(209,NULL,'Fanny Grey',NULL,NULL,'2015-12-04 17:53:57'),(210,NULL,'The Lonely Harp',NULL,NULL,'2015-12-04 17:53:57'),(211,NULL,'Juanita',NULL,NULL,'2015-12-04 17:53:57'),(212,NULL,'I Do Not Love Thee',NULL,NULL,'2015-12-04 17:53:57'),(213,NULL,'The Remembered Name',NULL,NULL,'2015-12-04 17:53:57'),(214,NULL,'Sing to Me Norah',NULL,NULL,'2015-12-04 17:53:57'),(215,NULL,'Love Not',NULL,NULL,'2015-12-04 17:53:58'),(216,NULL,'Love Now',NULL,NULL,'2015-12-04 17:53:58'),(217,NULL,'Thy Name Was Once a Magic Spell',NULL,NULL,'2015-12-04 17:53:58'),(218,NULL,'Would I Were with Thee',NULL,NULL,'2015-12-04 17:53:58'),(219,NULL,'Oh, Take Me Back to Switzerland',NULL,NULL,'2015-12-04 17:53:58'),(220,NULL,'The Auld House',NULL,NULL,'2015-12-04 17:53:58'),(221,NULL,'Home! Sweet Home',NULL,NULL,'2015-12-04 17:53:58'),(222,NULL,'Vital Spark of Heavenly Flame',NULL,NULL,'2015-12-04 17:53:58'),(223,NULL,'The Return of the Admiral',NULL,NULL,'2015-12-04 17:53:58'),(224,NULL,'A Birthday',NULL,NULL,'2015-12-04 17:53:58'),(225,NULL,'A Birthday/Ein Guberstag',NULL,NULL,'2015-12-04 17:53:58'),(226,NULL,'Easter Carol',NULL,NULL,'2015-12-04 17:53:59'),(227,NULL,'Echo',NULL,NULL,'2015-12-04 17:53:59'),(228,NULL,'Lullaby',NULL,NULL,'2015-12-04 17:53:59'),(229,NULL,'Unmindful of the Roses',NULL,NULL,'2015-12-04 17:53:59'),(230,NULL,'Silent Noon',NULL,NULL,'2015-12-04 17:53:59'),(231,NULL,'Summer',NULL,NULL,'2015-12-04 17:53:59'),(232,NULL,'Brignal Banks',NULL,NULL,'2015-12-04 17:53:59'),(233,NULL,'Hail to the Chief',NULL,NULL,'2015-12-04 17:53:59'),(234,NULL,'By Law Divine',NULL,NULL,'2015-12-04 17:53:59'),(235,NULL,'I Arise from Dreams of Thee',NULL,NULL,'2015-12-04 17:53:59'),(236,NULL,'To Mary',NULL,NULL,'2015-12-04 17:53:59'),(237,NULL,'The Charter Oak',NULL,NULL,'2015-12-04 17:53:59'),(238,NULL,'Who\'ll Come and Play with Me?',NULL,NULL,'2015-12-04 17:53:59'),(239,NULL,'The Brook',NULL,NULL,'2015-12-04 17:53:59'),(240,NULL,'Crossing the Bar',NULL,NULL,'2015-12-04 17:53:59'),(241,NULL,'It Is the Miller\'s Daughter',NULL,NULL,'2015-12-04 17:54:00'),(242,NULL,'Come into the Garden Maud',NULL,NULL,'2015-12-04 17:54:00'),(243,NULL,'The May Queen',NULL,NULL,'2015-12-04 17:54:00'),(244,NULL,'Too Late, Too Late, Ye Cannot Enter Now',NULL,NULL,'2015-12-04 17:54:00'),(245,NULL,'The Laughing Eye',NULL,NULL,'2015-12-04 17:54:00'),(246,NULL,'Come to My Fairy Home',NULL,NULL,'2015-12-04 17:54:00'),(247,NULL,'The Moon Is Up',NULL,NULL,'2015-12-04 17:54:00'),(248,NULL,'I Wandered Lonely As a Cloud',NULL,NULL,'2015-12-04 17:54:00');
/*!40000 ALTER TABLE `Work` ENABLE KEYS */;
UNLOCK TABLES;
/*!40103 SET TIME_ZONE=@OLD_TIME_ZONE */;

/*!40101 SET SQL_MODE=@OLD_SQL_MODE */;
/*!40014 SET FOREIGN_KEY_CHECKS=@OLD_FOREIGN_KEY_CHECKS */;
/*!40014 SET UNIQUE_CHECKS=@OLD_UNIQUE_CHECKS */;
/*!40101 SET CHARACTER_SET_CLIENT=@OLD_CHARACTER_SET_CLIENT */;
/*!40101 SET CHARACTER_SET_RESULTS=@OLD_CHARACTER_SET_RESULTS */;
/*!40101 SET COLLATION_CONNECTION=@OLD_COLLATION_CONNECTION */;
/*!40111 SET SQL_NOTES=@OLD_SQL_NOTES */;

-- Dump completed on 2016-09-29 10:56:22
